reference,firstname,lastname,home_phone_number,mobile_phone_number,email,address
1,franklin,head,02196234,7076305799,Frankli.HEA8262@gmail.com,4390 wendell
2,kelsie,grimes,36508809,7182576236,Kelsi.GRIME2477@hushmail.com,7995 hoxie
3,vivienne,johnson,72024714,7475642316,Vivie.JOHNS6890@live.com,8557 delphia
4,shaun,knox,13473473,7475643642,Sh.KNOX9021@mail2web.com,735 oliphant
5,michelle,goodwin,47172735,9569735702,Michel.GOODWIN1676@gmail.com,14 91st
6,angelique,hess,06108691,9516358472,Angeliqu.HES6418@mail2web.com,2121 99th
7,ulises,mcdonald,99815879,5713963923,Uli.MCDON4543@mail2web.com,2214 brayton
8,jaxon,marsh,05661188,9397081090,Ja.MARS7107@gmail.com,8983 fairfield
9,esther,boone,88842358,4127277997,Esthe.BO3159@yahoo.com,6501 miller
10,gwendolyn,bright,89158063,8604550728,Gwendo.BRIGH7018@gmail.com,7976 luis munoz marin
11,jadon,albert,49167386,5091843088,Ja.ALBE6782@yahoo.com,8513 quinn
12,odin,hoffman,65043073,4704815922,Odin.HOFFM9975@gmail.com,489 maplewood
13,sincere,pena,01134859,8478933724,Sin.PENA8842@mail2web.com,1719 fitch
14,megan,burke,74444117,3238494387,Mega.BUR4964@yahoo.com,6667 35th
15,christina,woodward,35036492,5023387235,Chris.WOOD2674@hushmail.com,9852 financial
16,gustavo,vincent,43017527,4841328447,Gust.VINCENT8002@yahoo.com,5232 chicago skyway indianapolis av
17,calvin,pena,56213886,2531948946,Calv.PENA7261@yahoo.com,2290 east end
18,alia,walters,87120563,4049395150,Al.WALTE5274@mail2web.com,7492 60th
19,wesley,bauer,69636218,6123366986,Wesl.BAU9368@hushmail.com,7179 78th
20,kamryn,giles,75020637,9091651953,Kam.GIL9807@hushmail.com,8917 120th
21,elle,black,54459664,9519939987,Elle.BL1656@live.com,5084 jerome
22,frankie,bell,97779294,7341060184,Frank.BEL5674@yahoo.com,7729 hollywood
23,saniyah,hobbs,21197029,8286643855,Saniy.HOBBS1956@live.com,1588 davol
24,stephen,cox,81693478,5176940806,Step.CO9274@hushmail.com,3622 winneconna
25,jessie,mcfarland,76199447,5185131411,Jessi.MCFARLAND9177@mail2web.com,9206 urban
26,marlene,waller,21388184,3865040360,Marle.WALLE8974@hushmail.com,7575 prairie park
27,kaelyn,thomas,28203256,6607429503,Kae.THOMAS2746@gmail.com,8925 everell
28,azaria,jimenez,52208625,9366523851,Azar.JIMENE6849@gmail.com,8905 washburne
29,arjun,green,02588169,4027590259,Arj.GRE7069@yahoo.com,2093 washburne
30,helen,carter,56789618,9281949415,Helen.CART1706@hushmail.com,3191 doty
31,isabela,bowers,39951078,6239960555,Isabela.BOW7438@live.com,1888 crosby
32,anastasia,browning,99276797,4326049623,Anast.BROWN6790@mail2web.com,9628 livermore
33,dawson,shepard,47061036,6157919751,Dawso.SHEP8205@yahoo.com,4512 49th
34,breanna,morrison,44973686,5747366906,Bre.MORRIS6397@mail2web.com,2528 i55 damen st
35,kade,chan,09537671,3521667331,Kade.CHA4098@gmail.com,3366 dauphin
36,nathanael,robles,51060043,8161991344,Nathana.ROB9665@gmail.com,3521 lsd moe dr
37,jenny,hogan,63589022,4152640528,Je.HOGAN3655@live.com,5112 draper
38,rashad,rutledge,05417311,9366948264,Rashad.RUTL2632@hushmail.com,6816 hutchinson
39,maximilian,ochoa,85895683,6783356753,Maximili.OCHO8635@hushmail.com,1085 browning
40,van,burgess,33214882,8141977271,Va.BURG4461@live.com,2593 kennedy av
41,joselyn,parks,81467685,9079955260,Josel.PA6024@yahoo.com,4354 lincoln park
42,allan,young,66945099,5131463853,Al.YOU2945@gmail.com,1396 cta 95th st
43,eden,gonzalez,07472499,5715295844,Ed.GONZAL3933@gmail.com,3001 wolfram
44,emmalyn,pruitt,15532554,4077059742,Emmalyn.PRUI9456@yahoo.com,4742 bosak
45,margaret,ingram,05931918,8158016422,Margar.ING3737@mail2web.com,1647 austin
46,colt,aguilar,34433969,9497238919,Colt.AGUILAR3523@hushmail.com,3885 point
47,cael,moreno,52900652,6577712686,Cael.MORE4323@gmail.com,1471 lenox
48,jaycob,fulton,45712261,8563081144,Jay.FULT3676@yahoo.com,8678 cyril
49,kennedy,humphrey,34382759,2124455828,Kenne.HUMPH2490@gmail.com,8488 luther
50,harry,whitehead,08179243,7016128400,Harry.WHITE4265@mail2web.com,1264 nora
51,aden,sullivan,62161149,8628361096,Ade.SULLI8415@gmail.com,4372 oak park
52,joanna,wilkins,35748208,3201580269,Joa.WILKI2036@live.com,7026 buffalo
53,alejandra,romero,97393730,7194589781,Alejandra.ROMERO5266@mail2web.com,6280 dominick
54,esperanza,bradley,05558859,9122320695,Espe.BRA7506@gmail.com,386 keokuk
55,sarah,sanchez,02753707,5032587282,Sara.SANCH9311@yahoo.com,8902 wieland
56,mackenzie,ross,72955864,2087075314,Macke.ROS5981@live.com,7485 bowen
57,arlo,stewart,17694672,5702050208,Arl.STEWART7145@live.com,7052 kennedy racine av
58,micah,rice,34673737,8303657510,Mica.RIC1538@yahoo.com,2794 eisenhower taylor st
59,briana,strickland,99664764,9208307475,Bri.STRICKLAN8735@mail2web.com,2352 westshore
60,haven,mcclain,71137922,7737517051,Haven.MCCL2740@live.com,393 coulter
61,cade,goodwin,46564692,8151299392,Cade.GOODW1363@yahoo.com,4614 marketplace access
62,abbigail,potter,99371436,8489977348,Abbiga.POTT5064@yahoo.com,5829 franklin
63,wayne,glover,06073600,3073404796,Wayn.GLOVE7202@mail2web.com,5498 olmsted
64,penelope,allen,48033215,5807594083,Penel.ALL5624@hushmail.com,1568 christiana
65,kimber,powers,03132796,9783742885,Kimber.POWE4370@gmail.com,7489 dan ryan roosevelt rd
66,isaias,hutchinson,55805128,3195286782,Isa.HUTCHI8002@hushmail.com,373 south water ramp lower
67,kamden,dunlap,56064292,2344989978,Kamden.DUNL9153@gmail.com,3395 tom
68,conrad,valenzuela,95843529,4405337701,Con.VALENZUEL8719@yahoo.com,724 forest preserve
69,gemma,melendez,46702680,6026142051,Ge.MELEND8796@live.com,7853 walter burley griffin
70,aldo,gillespie,09890667,2394717354,Ald.GILLES4530@live.com,5429 oliphant
71,amari,glenn,26755273,9316053886,Amar.GLE7193@yahoo.com,6631 castlewood
72,jasper,larson,12995731,6067278138,Jas.LARSON2960@hushmail.com,6314 river walk
73,gisselle,harding,56450292,9739127754,Gisselle.HARDIN5504@mail2web.com,2339 monticello
74,kaiden,cummings,97442893,4327379258,Kaid.CUMMIN5877@live.com,7215 scottsdale
75,mae,shannon,22975854,4321604159,Mae.SHANNO6462@yahoo.com,5238 page
76,angelique,lucas,78769373,6096082525,Ange.LUCA5941@mail2web.com,2230 institute
77,yaritza,fuentes,82541795,4172302827,Yaritz.FUE5795@gmail.com,3120 edens peterson av
78,elliot,mccall,73077406,2564035627,Ellio.MCC1064@gmail.com,2951 lincoln park
79,abby,sears,82821732,6232974636,Abby.SE8384@mail2web.com,3858 dan ryan 18th st
80,julien,witt,34813900,2283729267,Julien.WIT8968@mail2web.com,4828 postoffice
81,maria,hobbs,02924040,2258377688,Ma.HOBB3039@live.com,7578 mautene
82,julius,berry,95228196,4709226535,Juliu.BERR2015@mail2web.com,2112 kennedy washington bl
83,maleah,hebert,68024093,9387667702,Male.HEB8908@yahoo.com,8534 hunt
84,leo,french,55580424,4064803620,Le.FRENC6470@yahoo.com,6236 73rd
85,kailee,vaughan,09452154,7161968129,Kaile.VAU8115@live.com,5707 kennedy
86,ben,schultz,82700088,8706210707,B.SCHUL4760@mail2web.com,7746 navajo
87,casey,knapp,11928977,7158363921,Casey.KNAPP8409@gmail.com,3129 moselle
88,lola,osborn,61975937,7135170035,Lola.OSBORN7418@hushmail.com,787 music court
89,zion,rasmussen,76078547,3215379333,Zi.RASMUSSEN9101@live.com,4238 wisconsin
90,tristan,blankenship,42089228,7817527259,Tristan.BLANKENSHI9400@gmail.com,8665 peterson
91,jace,romero,32252819,4246250632,Ja.ROMER9586@yahoo.com,4547 seminary
92,paulina,vinson,02805167,2182341941,Paul.VIN5698@hushmail.com,6247 reilly
93,zain,hodge,09580788,2097729845,Za.HODGE8287@yahoo.com,5705 mandell
94,jayde,battle,82560582,4692480400,Jayde.BATTL1608@mail2web.com,290 113th
95,fernanda,waller,76205291,2608086741,Fern.WALLE3316@gmail.com,8706 belmont harbor
96,nicholas,alvarado,72279662,5054568933,Nichola.ALVARAD1181@live.com,9351 postoffice
97,genevieve,hunter,14055341,6164079767,Genevi.HUNTER8051@yahoo.com,8722 margate
98,aleena,swanson,49583018,8181999156,Aleena.SWANSO3796@mail2web.com,5177 hoxie
99,derrick,cummings,26268987,4012998800,Derri.CUMMIN9864@live.com,9190 bishop ford 111th st
100,owen,hall,35643268,7027048357,Owen.HALL2614@hushmail.com,7859 kennedy adams st
101,joaquin,munoz,89930494,4792638314,Joaquin.MUN9811@hushmail.com,7003 lister
102,lawrence,gutierrez,32082390,9529153632,Lawrence.GUTIER1213@mail2web.com,3603 post
103,eloise,rivas,51867534,9072519403,Eloise.RIVA1402@hushmail.com,1104 larrabee
104,kenny,potts,53547207,6511091728,Kenn.PO4857@live.com,4523 commons
105,ace,vincent,35619928,5702628875,Ac.VINCE2024@mail2web.com,2219 south water ramp
106,elin,merritt,35694961,5037046259,Elin.MERRI8652@hushmail.com,797 hyacinth
107,zaniyah,pate,94141555,9703622102,Zan.PATE5859@yahoo.com,1208 hartland
108,genesis,carpenter,67424900,4708835210,Genesis.CARPENTER5444@hushmail.com,7769 howe
109,malaya,holmes,69833659,2607086406,Malay.HOL7821@mail2web.com,9932 ross
110,gracelyn,larsen,46558779,7876240481,Grace.LARSE4888@live.com,1251 eleanor
111,ramiro,harmon,15670426,3379505163,Ram.HARMON1766@yahoo.com,3932 richmond
112,mae,hernandez,96598509,7177069366,Ma.HERNA2113@live.com,2806 martin
113,orlando,horne,55266764,4708701093,Orland.HORNE9341@gmail.com,9174 grover
114,giovanna,boyle,43820493,8655003079,Giovanna.BOYLE2519@hushmail.com,5067 kennedy armitage av
115,benjamin,campos,74681497,9081894603,Benja.CAMPO3478@yahoo.com,244 sanford
116,bree,kidd,06270823,6307541430,Bree.KI2490@gmail.com,9334 dan ryan canalport av
117,jordan,orr,38741864,5164898148,Jor.OR4709@live.com,6685 burkhardt
118,brianna,love,02503348,2567044128,Briann.LOVE3615@live.com,1008 haussen
119,paulina,cleveland,86394371,4134241567,Paulin.CLEVELA9473@mail2web.com,4123 31st
120,megan,ramos,61338373,2067375517,Meg.RAM1447@gmail.com,8022 st james
121,diya,duffy,51112000,7791869085,Di.DUFFY8855@gmail.com,5196 brayton
122,parker,malone,01871620,7346833207,Par.MALONE6453@yahoo.com,4824 ohio feeder
123,lucas,browning,34762215,9202024582,Lu.BROWNI5702@hushmail.com,7724 lsd fort dearborn
124,terrell,trevino,26576834,7158002557,Ter.TRE3283@hushmail.com,7568 clybourn
125,alvin,craft,92633140,6235498754,Al.CRA1153@hushmail.com,717 ohio
126,destinee,copeland,71491996,4792903936,Destine.COPELAN7303@live.com,7446 burling
127,jamir,gallegos,71791285,2034981247,Ja.GALLE9669@live.com,241 130th
128,lane,myers,11193671,2814526602,Lane.MYER2752@mail2web.com,6873 pool
129,marianna,mayer,01166588,2256718106,Mari.MAYE1620@gmail.com,9229 wisner
130,meadow,rios,33310293,4322949405,Mea.RIOS8075@live.com,7081 kennicott
131,dorian,howard,64386594,3211241694,Dori.HOWARD1729@yahoo.com,9596 lsd fort dearborn
132,rudy,faulkner,01747244,8701774728,Rud.FAUL5279@gmail.com,5495 lincoln park
133,jerry,stanley,48243485,2698451799,Jer.STANLEY8430@mail2web.com,7440 ewing
134,alina,booth,32229530,3054813296,Alin.BO6963@live.com,9784 eisenhower paulina st
135,aubrianna,shepard,44300852,4309676159,Aubr.SHEPA7947@mail2web.com,9717 bishop ford
136,aubrianna,kramer,96197445,5207257111,Aubriann.KRA3369@hushmail.com,8723 kennedy ontario st sb
137,luna,becker,14793291,7193694226,Lun.BEC3248@live.com,8161 mies van der rohe
138,santino,moran,46790040,9092755461,Santino.MORAN9385@hushmail.com,60 doty
139,russell,booker,02658727,3173370692,Rus.BOO4739@yahoo.com,4468 chicago skyway 87th st
140,marley,holcomb,57294284,8147354318,Marle.HOLCOMB4933@live.com,2335 larchmont
141,kayden,chavez,82964730,3349430236,Kay.CHAVE3277@yahoo.com,2755 farwell
142,marshall,baxter,66046604,9399471526,Marshal.BAXTE2494@live.com,5753 lowe
143,rebekah,clarke,48691026,6149496997,Rebek.CLAR8699@live.com,2850 illinois lower
144,haley,wood,91044920,5755234248,Hale.WOO7539@gmail.com,3200 foster
145,heath,torres,86807282,8051886297,Heath.TORRE3813@live.com,7434 lsd irving park rd
146,nicole,byers,42304932,9515730610,Nic.BYERS1682@yahoo.com,4790 bittersweet
147,amari,puckett,55157274,6181631652,Am.PUCK2294@mail2web.com,6062 myrick
148,samson,nolan,06230234,2059947885,Samso.NO2287@mail2web.com,7027 spokane
149,angelo,singleton,35760685,8458779246,Angel.SING1409@mail2web.com,8129 mozart
150,taliyah,branch,95366681,6155604160,Tal.BRANC7893@hushmail.com,9493 35th
151,rodolfo,dunlap,76178362,6083713214,Rodolfo.DUNL6234@hushmail.com,5284 wisner
152,selah,riley,18232091,8722129589,Se.RILEY8827@yahoo.com,7965 arthur
153,itzel,salinas,99021167,6028838197,Itze.SALIN6548@live.com,7817 anthony
154,bryce,bryant,19601353,4758706410,Bryce.BRY9015@gmail.com,4674 dickens
155,messiah,cooper,56272608,3046589878,Mess.COO4252@live.com,3904 lsd michigan avenue
156,juliet,dean,09284762,9174684992,Juliet.DE1722@live.com,6735 arbour
157,caitlyn,glover,21648140,6624215560,Cai.GLOV4399@hushmail.com,4834 cyril
158,kelly,mitchell,04322779,7794732922,Kell.MITCHELL8486@gmail.com,3212 nina
159,stefan,banks,71517554,2693982296,Stefa.BAN2455@live.com,5024 leoti
160,aaron,carter,29277688,3089822092,Aar.CARTE1932@gmail.com,2883 38th
161,nia,landry,23638885,5018444127,Ni.LAND3772@gmail.com,894 marcey
162,amina,buckner,56363424,4785232787,Amin.BUCKNE1593@live.com,881 barry
163,dominic,salas,01666133,7745549702,Domi.SA2903@live.com,8342 121st
164,freddy,combs,43654820,9164248342,Fre.CO8099@hushmail.com,9080 grady
165,jewel,edwards,04178392,6813955234,Je.EDWAR3406@mail2web.com,9828 parkside
166,javon,morrow,97215910,9039656425,Javon.MORROW3770@mail2web.com,3863 fairhope
167,brooks,mcfadden,86653578,3108005103,Brooks.MCFADD6254@gmail.com,7440 chanay
168,madelynn,reese,01163494,8175954944,Madel.REE1275@mail2web.com,8169 geneva
169,alexis,alston,63653058,9403788731,Ale.ALS1752@yahoo.com,8488 larned
170,elle,bruce,29557075,2487404127,El.BR2829@yahoo.com,4232 dan ryan local
171,amy,day,05857265,2405777310,A.DAY9637@live.com,9184 cta bus turn
172,jayden,cline,81629248,2564821354,Jayd.CLINE9035@live.com,3209 elm
173,summer,woods,49439350,5157185950,Sum.WOOD3866@yahoo.com,8971 edmunds
174,emerson,wood,07688225,7127258078,Emerso.WOOD4137@hushmail.com,8729 somerset
175,sergio,mercado,11717156,7797106412,Sergio.MERC8219@yahoo.com,5761 morse
176,gauge,wright,03198271,2677061595,Gaug.WRIGH5868@mail2web.com,7317 private
177,karissa,hayes,93879120,9122983999,Kar.HAYES7174@mail2web.com,6134 wicker park
178,keira,stewart,93328423,5618751689,Keir.STEWA6152@mail2web.com,8991 corliss
179,bree,vazquez,14843579,4029519955,Bree.VAZQUEZ6191@mail2web.com,6794 130th
180,ivan,forbes,25899627,8724600030,Iva.FORBES3348@gmail.com,9975 blackhawk
181,melanie,sargent,15872743,5168697146,Melani.SARGENT3014@gmail.com,7367 kenneth
182,penelope,mcknight,03301745,3163015104,Penel.MCKN7544@yahoo.com,8359 kennedy ob eisenhower ob
183,sophie,cline,99180504,5866893839,Sop.CLIN1197@hushmail.com,2882 surrey
184,riley,bradford,33597417,3136754608,Rile.BRADF5049@mail2web.com,5690 malden
185,avah,crawford,99727348,2547423352,Av.CRAWFOR1049@hushmail.com,4581 ferdinand
186,siena,valencia,16664190,4238733772,Sie.VALENC8330@gmail.com,4674 harrison
187,oliver,gilliam,18809273,3394134885,Oli.GILLI9993@yahoo.com,253 benton
188,uriah,wood,51033915,9288920170,Uria.WOO5989@hushmail.com,5971 east view park
189,kaden,david,37653827,9515925120,Kaden.DAVID3570@live.com,6823 jensen
190,briella,rosario,16714875,3031844204,Briel.ROSAR5504@gmail.com,5824 merrimac
191,courtney,black,45628214,4305826724,Cour.BLA9107@gmail.com,1674 burton
192,milagros,lowery,49848894,4239387822,Milag.LOWERY3303@live.com,721 harbor
193,nelson,irwin,45763932,7756697067,Nel.IRWIN9294@yahoo.com,4429 homewood
194,nayeli,gould,19053063,3059654152,Nay.GOUL2861@gmail.com,890 beach
195,billy,guzman,41186897,8044800253,Billy.GUZMAN2670@hushmail.com,1046 stetson lower
196,dustin,armstrong,61227472,3864294101,Dusti.ARMSTRONG7590@yahoo.com,8127 south water ramp
197,hayden,chen,16915032,5154191371,Hayde.CHE5894@live.com,8671 lock
198,zane,atkins,78655430,8459842427,Zane.ATKI9433@hushmail.com,3815 sayre
199,myles,tillman,87916776,6235559282,Myle.TILLM7754@yahoo.com,5462 river walk
200,lennon,lott,64769372,9543122255,Lenn.LOTT5421@hushmail.com,5146 west water
201,tia,strong,59697880,3231978001,Ti.STRO1907@hushmail.com,9085 louise
202,quinn,cline,86131019,9517513830,Quin.CLIN4137@hushmail.com,7324 avondale
203,alexa,browning,39737092,3159359433,Alex.BROW2451@mail2web.com,7353 breakwater access
204,jaylen,levy,13884128,7404505783,Jayl.LE6451@hushmail.com,5563 brighton
205,bodhi,watson,05345976,7797872009,Bod.WAT3746@mail2web.com,2778 janssen
206,harley,phillips,63445714,2024523435,Harley.PHILLI2348@yahoo.com,7438 kennedy wilson av
207,matthias,marsh,38599922,5631336454,Matt.MAR1841@gmail.com,8652 wolcott
208,bryan,holmes,22064340,8031054553,Brya.HOLM1787@hushmail.com,5823 65th
209,serenity,cameron,23360424,7026565133,Serenity.CAMERON8088@mail2web.com,3681 oliphant
210,paige,bass,07313987,5757178430,Pai.BASS2829@hushmail.com,1058 dan ryan canalport av
211,ashlyn,graham,63280570,8606652265,Ash.GRA5984@gmail.com,8936 coulter
212,sariah,hayes,32781327,2131105857,Sar.HAY5391@mail2web.com,7738 lakewood
213,bryce,rosario,49559514,5626531691,Br.ROSA9554@live.com,5954 tan
214,brianna,browning,32905964,7852666817,Briann.BROWNIN9724@yahoo.com,16 institute
215,lorenzo,craig,13579212,3017176547,Lor.CRAI1641@gmail.com,2929 71st
216,makhi,higgins,11256142,9018712858,Makhi.HIGGIN7468@gmail.com,305 ozark
217,joseph,wright,83071006,4406102081,Joseph.WRI2132@gmail.com,573 van vlissingen
218,kaylyn,daugherty,49627328,8505730911,Kayly.DAUGHE4356@hushmail.com,1173 24th
219,heaven,frost,92474356,6194599257,Heave.FR3118@yahoo.com,5662 51st
220,sylvia,garcia,93741228,2031322657,Sylv.GARCIA1936@gmail.com,5368 niagara
221,londyn,orr,18628179,6846818678,Londyn.ORR3358@mail2web.com,7548 saginaw
222,andrea,green,93290916,8489043586,Andrea.GR8730@gmail.com,8534 stevenson ob dan ryan
223,jackson,talley,17640466,7274561383,Jacks.TAL2882@mail2web.com,9555 dominick
224,quinn,brown,41376769,6412628016,Qui.BROW4223@mail2web.com,2892 chase
225,elianna,french,62696039,8623703137,Elianna.FRENCH6587@live.com,9336 payne
226,dustin,jimenez,93982031,9523519827,Dust.JIME5317@yahoo.com,6346 forest preserve
227,lawson,solis,62211762,9858978907,Lawson.SOLI4718@yahoo.com,8023 postoffice
228,riley,watson,01068607,5156788453,Rile.WAT5371@live.com,9795 56th
229,raul,mejia,83817956,7544472940,Raul.MEJ5966@gmail.com,9622 dan ryan 51st st
230,desiree,booker,04004476,9726495842,Desiree.BOOKER7011@mail2web.com,8186 reta
231,zavier,everett,39587888,3343281986,Zav.EVERETT9608@mail2web.com,3684 olympia
232,iliana,bell,36801086,7186974639,Ilian.BEL1818@yahoo.com,9631 36th
233,beatrice,abbott,17431703,6197361655,Beat.ABBOTT4411@mail2web.com,7069 richmond
234,makenzie,wade,96551810,7015169559,Makenz.WA2406@live.com,3762 medford
235,uriel,allison,74879182,3231454459,Uri.ALLISO8363@mail2web.com,9292 kennedy sacramento av
236,lorelei,luna,01013588,8149749657,Lorel.LUN8617@yahoo.com,2243 broadway
237,darius,landry,31161045,5611522767,Dariu.LANDRY9263@mail2web.com,4996 walnut
238,keegan,randolph,02369446,2258348891,Keega.RANDO5274@hushmail.com,8307 mt prospect
239,dimitri,adkins,91234940,8312544352,Dimi.ADKINS1805@hushmail.com,1498 hoyt
240,ally,bird,86142836,2243825626,Al.BI9382@gmail.com,2133 campbell park
241,azaria,mack,73395485,6361178565,Azaria.MACK1287@live.com,8175 homewood
242,jaime,wiggins,33539844,4706848223,Jaim.WIGGIN1630@hushmail.com,8500 carmen
243,francis,andrews,86201939,6621022217,Franc.ANDREW7960@live.com,954 blackhawk
244,landon,farrell,08558159,7148846892,Land.FAR6647@mail2web.com,6650 eastwood
245,leonardo,savage,56385759,2562303825,Leonardo.SAVA8820@mail2web.com,4238 dayton
246,alice,black,58744328,2185436412,Alice.BLAC3383@yahoo.com,2024 sandburg
247,katelynn,stanton,27658546,5401023483,Kate.STANTO2041@hushmail.com,6980 walton
248,julius,meyers,89787798,4401358831,Julius.MEYE1282@mail2web.com,1026 dan ryan taylor st
249,benson,klein,02347633,4095494612,Benso.KLEI6528@hushmail.com,7591 louise
250,kyan,golden,97907279,8125242858,Ky.GOLDEN5749@gmail.com,9561 ohare
251,dennis,knapp,66022806,7792843707,Denni.KNAP4027@hushmail.com,5585 gordon
252,julian,oneil,71056549,3101811005,Julia.ONE8128@live.com,4529 ada
253,deandre,watkins,22559216,9164688367,Deand.WATKINS4078@live.com,1240 odell
254,kadence,holder,52504150,6055613230,Kade.HOL3700@yahoo.com,7332 fielding
255,addyson,brown,72113534,8147264413,Addy.BROW1634@yahoo.com,1276 maryland
256,landon,stokes,88760996,4356889274,Lan.STOKE3502@hushmail.com,8086 ogallah
257,miley,alford,23453422,8506047753,Mi.ALFO7587@mail2web.com,2638 larrabee
258,amiyah,willis,44765304,2401628810,Amiya.WILLIS8510@live.com,3650 mclean
259,jaeden,walters,34985438,5409697757,Jaede.WALTER8663@hushmail.com,4476 neenah
260,lexie,randall,82594622,7041749832,Lexi.RANDAL8037@gmail.com,195 chestnut
261,deacon,guzman,07555335,4796302927,Deaco.GUZMAN3882@live.com,7520 dan ryan ob eisenhower ob
262,jeramiah,santos,03373418,3169068778,Jeramia.SANTOS9273@yahoo.com,2582 oneida
263,jessie,phelps,73502478,9414029697,Jessie.PHEL8307@hushmail.com,6143 37th
264,juliet,hobbs,22461050,5018408709,Juli.HO6312@hushmail.com,8026 mankato
265,camryn,gonzalez,17611714,9561130734,Camryn.GONZ7901@yahoo.com,2698 oleander
266,alexis,chambers,37633921,9781973750,Alexis.CHAMBERS2960@yahoo.com,9114 groveland park
267,ariel,oneil,18388574,2035811126,Arie.ONEI1087@yahoo.com,3689 eastman
268,peyton,patton,51278465,9418534971,Peyto.PATT2847@live.com,9145 phillips
269,athena,dennis,64452641,5746020877,Ath.DEN5988@hushmail.com,3057 edmunds
270,margaret,compton,46150552,7023764334,Margar.COMPTO9303@gmail.com,887 lyon
271,jeremiah,marsh,02878834,4086753038,Jeremia.MARS9069@live.com,4400 poe
272,mark,le,18744551,9283786668,Mark.L5788@live.com,1423 lsd belmont av
273,jake,douglas,95173101,5739848694,Jake.DOUGLAS5701@live.com,9847 south water
274,angelica,workman,22850117,9413715280,Angelic.WORKM1153@gmail.com,4495 victoria
275,branson,kirk,79297415,4041357138,Bran.KIRK1885@live.com,7586 mcclellan
276,rory,chang,96247464,5713510583,Ro.CHANG5796@live.com,9341 canfield
277,casen,simpson,09591485,5418015145,Casen.SIM7296@mail2web.com,8124 marcey
278,ryleigh,cotton,52934974,6318492913,Rylei.COT6415@hushmail.com,5652 dan ryan 35th st
279,aylin,chan,39458696,5156959995,Aylin.CH3247@live.com,4278 james
280,payton,tran,74987007,7241194598,Payt.TRAN6844@gmail.com,9758 seeley
281,shania,perry,72630966,7724019763,Shan.PERR1513@yahoo.com,2558 osage
282,melissa,sutton,81191727,5598140487,Melissa.SUTTON5045@yahoo.com,507 vermont
283,jensen,frank,85600185,6314198950,Jensen.FRAN1777@live.com,9970 chicago skyway stony island av
284,lindsay,bowers,81790204,4325441356,Linds.BOWER2062@gmail.com,7831 dan ryan express
285,cassius,cohen,14450017,2707168728,Cassi.COH8897@yahoo.com,500 bessie coleman
286,elaina,malone,91897154,6412210122,Elain.MALONE7320@live.com,3009 newberry
287,esme,ellison,18267170,6123355286,Esm.ELLI9010@gmail.com,9986 107th
288,rene,white,62945327,6626084742,Rene.WHITE4401@hushmail.com,4846 kennedy ontario st sb
289,julie,mclaughlin,44210972,7029967739,Jul.MCLAUGHL3262@live.com,7385 stevenson
290,rayne,solomon,73346374,3204663339,Rayne.SOLOM7181@live.com,2905 kasson
291,sloane,bates,25539054,8609933972,Slo.BAT1985@gmail.com,5094 chicago skyway state st
292,julianna,finley,07531864,9013518493,Julian.FINL4182@yahoo.com,1583 69th
293,kelly,parrish,37549215,2021902023,Kell.PAR2899@yahoo.com,4777 old lake shore
294,kyleigh,robinson,59012573,3398972484,Kyle.ROBINSON4861@yahoo.com,3851 victoria
295,bowen,cummings,85296567,7798385360,Bowe.CUMM8666@hushmail.com,3712 mendota
296,sariah,barton,26107990,6411957014,Sariah.BAR5265@mail2web.com,535 goethe
297,corey,johns,02637716,3025509794,Cor.JOHNS6576@mail2web.com,604 chicago skyway
298,trace,anthony,83043563,8636156675,Tr.ANTHON2774@live.com,138 busse
299,harlow,patterson,13547560,6175759153,Har.PATTERS8303@mail2web.com,8452 cullerton
300,zechariah,randall,01729169,5856121368,Zechar.RAN7953@live.com,5369 breakwater access
301,elsie,hammond,93017473,5026630763,Els.HAMMO9319@mail2web.com,6365 winthrop
302,wyatt,blake,71777808,7241118996,Wyatt.BLA3408@hushmail.com,8772 balmoral
303,kaiya,fowler,87977018,9173531042,Kaiya.FOWLE7617@yahoo.com,9989 churchill
304,athena,conley,49595902,4147836154,Ath.CON9012@live.com,3236 46th
305,rodrigo,patrick,78648929,9172809766,Rodr.PATR2985@hushmail.com,888 margate
306,macey,mercer,01333791,7819447731,Ma.MERCER3935@yahoo.com,1965 brompton
307,lilliana,fowler,22720164,3409721348,Lilliana.FOWLER7076@mail2web.com,277 palmer
308,stacy,gates,02959112,5704651539,Stacy.GAT4222@live.com,1764 washington
309,samiya,neal,22406533,7699355373,Sami.NEA8003@gmail.com,5490 kennedy central av
310,terry,austin,68577403,7049473709,Ter.AUSTI1142@gmail.com,3473 mobile
311,marcos,malone,35919415,4021691349,Mar.MALON9174@live.com,4696 dan ryan la salle st
312,abdullah,sweet,83737966,7017285825,Abdu.SWE1188@live.com,141 monticello
313,sam,buchanan,63615723,4016257460,S.BUCH1852@gmail.com,9070 kennedy express
314,tobias,hardy,26424274,8601667940,Tobias.HARDY6666@mail2web.com,7544 normal
315,ronnie,underwood,95729706,3172089965,Ronnie.UNDERW4034@live.com,9695 geneva
316,raina,clark,83889329,6815399150,Rai.CL8776@live.com,25 42nd
317,clarissa,rocha,44177571,8586950027,Clarissa.RO3993@mail2web.com,574 kennedy ontario st nb
318,raelynn,oneal,45048215,2061965407,Raely.ON5978@mail2web.com,7860 23rd
319,erika,sweet,98578253,5186738397,Eri.SWEET4937@mail2web.com,5620 harrison
320,cambria,burks,56976417,4151318809,Camb.BURK2938@mail2web.com,1674 cta bus turnaround
321,lara,roman,93199053,3216877031,Lara.ROM8949@live.com,8855 augusta
322,jonathon,mccarthy,77024428,5101571013,Jonatho.MCCARTHY5390@mail2web.com,1849 museum
323,ryland,swanson,88582334,6106505718,Ryla.SWA1119@live.com,5020 kensington
324,malachi,morse,93561132,6507991210,Malach.MORS6630@live.com,6453 school
325,reginald,palmer,54885552,2194670606,Reginal.PALME4646@live.com,2230 103rd
326,kason,barry,87776968,8157026765,Kaso.BARR1605@hushmail.com,9512 anthony
327,miller,tucker,87551748,2038709801,Miller.TUC9905@yahoo.com,1411 ellis
328,eric,austin,38122573,9712077465,Eric.AUSTI3731@gmail.com,1181 cortez
329,alia,hopper,38433248,2294031530,Alia.HOPPE9858@live.com,3399 67th
330,raina,allen,27438978,3391596463,Rai.ALL6211@yahoo.com,9618 edmaire
331,paisley,turner,41775559,9092964185,Pais.TURNE3897@live.com,1455 irving
332,michelle,schultz,07270062,2295456085,Mich.SCH4330@mail2web.com,2273 kerbs
333,armani,alexander,74243305,6052103864,Arma.ALEXAN9347@gmail.com,6793 keeley
334,amirah,talley,02754136,7148753295,Amira.TAL1620@yahoo.com,1179 harvard
335,aimee,ortiz,39703089,6622638671,Aime.ORTI5709@live.com,871 steuben
336,amari,bradley,71470923,2084999179,Am.BRADLEY4999@yahoo.com,8480 dobson
337,sarai,long,54101113,2019998762,Sar.LONG8236@live.com,7469 lowerlevelt2
338,aron,bell,52743978,7242891942,Aro.BE7956@yahoo.com,229 palatine
339,dax,dunlap,35373464,8577376114,D.DUNLAP8666@mail2web.com,9939 shelby
340,perla,donaldson,51591875,8061967439,Perl.DONA8977@live.com,271 marion
341,kieran,carroll,51625461,6843360967,Kieran.CARR4888@hushmail.com,5084 hanson
342,briana,rollins,59303143,2121975578,Bria.ROL4038@hushmail.com,4672 besly
343,ashton,kane,52026638,7076924623,Ash.KAN7208@mail2web.com,8017 norfolk rr access
344,sky,cote,51217443,5705233275,S.CO4751@live.com,7252 hudson
345,muhammad,harrison,68873581,5023500994,Muhammad.HARRISO7915@yahoo.com,1606 elsdon
346,kailey,strickland,51936068,9549484342,Kaile.STRICKL5659@mail2web.com,2476 cottage
347,michaela,nash,43960942,5622483179,Mich.NA7234@mail2web.com,9081 burton
348,haiden,stokes,93337205,4129378106,Haiden.STOKES8934@hushmail.com,8658 fulton market
349,skye,macdonald,23441117,6315285961,Skye.MACDONA1104@mail2web.com,4268 marshfield
350,nash,byers,45072674,9078843687,Nash.BYERS7474@mail2web.com,8731 gunnison
351,moriah,neal,65064770,8168349842,Moriah.NE5937@mail2web.com,9949 82nd
352,landyn,bradshaw,24954155,9041113618,Land.BRADSHA3254@hushmail.com,2648 menard
353,isis,baxter,41465976,3367841310,Is.BAXTER5464@yahoo.com,406 paris
354,phoebe,buchanan,91001528,8013654217,Phoebe.BUCHAN2877@gmail.com,2838 roslyn
355,kylan,hinton,46607494,5517182930,Kylan.HIN8067@gmail.com,8281 riverside
356,grace,steele,09538306,8282809179,Grace.STE3310@mail2web.com,851 pershing
357,harley,skinner,17869089,9717390225,Harle.SKINNE3806@gmail.com,3266 calhoun
358,gia,allen,63509792,8579983989,Gi.ALLE1551@live.com,3893 avenue g
359,lilly,schroeder,07877466,3052475216,Lil.SCHROED6227@live.com,5298 blake
360,cherish,humphrey,14637889,3139226970,Cherish.HUMPHRE4665@hushmail.com,7560 kolmar
361,hendrix,sellers,87117585,8055535360,Hendri.SELLE3339@live.com,5146 mendota
362,sage,george,39837431,3219372854,Sag.GEOR7663@mail2web.com,2981 bittersweet
363,jessica,leach,84832041,3053012613,Jessic.LEA1338@gmail.com,1435 dan ryan roosevelt rd
364,marcel,herrera,01265000,6051149467,Marc.HER6345@mail2web.com,8224 eugenie
365,madyson,higgins,74802898,2183871056,Mad.HIG9240@yahoo.com,4991 churchill row access
366,daisy,goff,58383014,7634781518,Dai.GOFF9252@gmail.com,144 bishop ford 103rd st
367,layton,blair,85676082,4014261401,Lay.BL6419@mail2web.com,6259 eastwood
368,madelyn,wilcox,82895690,5038883218,Madelyn.WILCOX3657@yahoo.com,2533 ohio
369,case,shields,53884301,7746879128,Cas.SHI5889@hushmail.com,4350 cannon
370,lane,frye,93337578,4045085554,Lane.FR6600@live.com,8030 london
371,jaylah,diaz,75399759,4242240022,Jay.DI8935@live.com,7774 dan ryan ob stevenson ib
372,charlie,garrett,85686364,8488477699,Charli.GAR1917@mail2web.com,7854 kennedy north av
373,ava,powell,84227522,6189101344,Ava.POWE6808@mail2web.com,858 byron
374,gloria,whitley,07932679,2251216466,Glor.WHITLEY3138@mail2web.com,5970 imlay
375,rodrigo,juarez,79818557,4172193007,Rodrigo.JUAR9463@yahoo.com,1126 i55 damen av
376,yasmin,slater,52462707,6208508502,Yasmi.SLA1805@hushmail.com,9934 mendell
377,kolby,pugh,11471147,9368768801,Kol.PUGH5618@yahoo.com,9345 evelyn
378,romeo,chavez,61402080,4751857880,Romeo.CHA2624@yahoo.com,5331 kasson
379,alannah,hurst,06200632,4099689899,Ala.HURS8635@gmail.com,2797 woodland park
380,jasiah,crawford,13219610,3258725898,Jas.CRAW4222@hushmail.com,9901 ritchie
381,gauge,thornton,94044347,4351115835,Gauge.THOR1128@mail2web.com,4026 front
382,arnav,mckinney,65993254,9317126291,Arnav.MCKINNE9439@yahoo.com,2482 le moyne
383,lindsay,holmes,35880700,9049524638,Lindsa.HOLME7154@gmail.com,4831 burling
384,heaven,alston,72217533,3096299507,Heav.ALSTON3237@gmail.com,5536 dekoven
385,darien,stout,54710798,5301998431,Darien.STOUT6411@live.com,1203 chester
386,savannah,nicholson,99393914,2181329715,Savann.NICHO3561@hushmail.com,8940 lsd recreation dr
387,kasen,carter,18832786,3605140834,Kasen.CARTE3408@mail2web.com,191 independence
388,maryam,bernard,77369403,2027774190,Mar.BERNAR1249@yahoo.com,4048 hazel
389,tate,castaneda,91468449,6181338824,Ta.CASTANE5751@gmail.com,6085 grover
390,lyric,monroe,85551731,4306957178,Lyr.MONR1999@hushmail.com,5547 hermitage
391,taylor,trevino,89941756,2692838309,Tay.TREVI2315@live.com,8965 meade
392,benson,bentley,05711287,8043621124,Benson.BENT8760@hushmail.com,7288 lsd illinois st
393,leah,barber,21261099,8288248358,Lea.BARBE8524@mail2web.com,6840 wildwood
394,christina,cannon,34694158,3049684364,Chri.CANNO9350@hushmail.com,4670 gunnison
395,dwayne,oconnor,04844098,3862127778,Dwayn.OCO2266@mail2web.com,4026 107th
396,misael,durham,18957680,5088464149,Misa.DURH1324@hushmail.com,8261 kennedy ontario st
397,chace,mullen,25055122,5046712303,Ch.MULLE5021@mail2web.com,5204 st clair
398,eduardo,gibbs,62149485,5186956019,Eduardo.GIB4305@yahoo.com,8161 melvina
399,kristen,newman,02115697,5614696741,Kriste.NEWM9460@live.com,1988 le moyne
400,judah,sharpe,02891572,8457589835,Juda.SHAR5847@yahoo.com,9816 lsd wilson av
401,everett,zimmerman,13181173,4259012697,Everet.ZIMMERMA6106@hushmail.com,7507 belden
402,cali,mendoza,79438589,8314478942,Cali.MENDOZ8200@yahoo.com,5232 juneway
403,blake,foley,58811243,9199391204,Bla.FOL9001@hushmail.com,1301 chicago skyway indianapolis av
404,madalyn,lloyd,88712558,7656624688,Madalyn.LL3691@hushmail.com,8356 daniel
405,lena,walls,35300046,9041190657,Len.WA3991@hushmail.com,3692 mccrea
406,dane,phillips,83867411,9479190963,Da.PHILLIPS2248@hushmail.com,2342 tooker
407,shannon,parsons,42896374,2566597143,Sha.PAR3494@hushmail.com,3515 patterson
408,curtis,christian,45015786,2249741896,Curt.CHRI6737@gmail.com,6087 rascher
409,branden,wall,34865624,2038621507,Brande.WA7803@mail2web.com,3198 hobart
410,charity,cruz,52878634,3088855938,Chari.CRUZ4190@yahoo.com,2514 bishop ford 115th st
411,khalil,dillon,37230359,2173290462,Khal.DILLON3146@yahoo.com,8847 ohare
412,lathan,mcguire,16544582,7622382650,Lathan.MCG2250@yahoo.com,3300 lsd wacker dr nb
413,samiya,diaz,27996693,6414053187,Sami.DIAZ7805@mail2web.com,293 i55 pulaski rd
414,maksim,diaz,67642687,6022889580,Mak.DI5963@hushmail.com,7953 kimbark
415,rohan,morrison,12156775,9548579830,Rohan.MORRISON8630@live.com,2120 oswego
416,henry,stuart,56765289,5174792008,He.STU6927@yahoo.com,3650 kilbourn
417,kaia,talley,61036845,8483827207,Kaia.TALL1298@hushmail.com,7473 dan ryan 79th
418,freddy,rocha,88166481,3852281188,Fredd.ROCH2216@hushmail.com,28 hazel
419,jacey,graham,21282206,3181701487,Jac.GRAHAM3971@mail2web.com,4629 hastings
420,osvaldo,serrano,57615496,2124813881,Osv.SERRAN7681@hushmail.com,9668 gilbert
421,alondra,huber,05781484,4258974818,Alo.HUB7208@mail2web.com,2135 superior
422,miah,mcclure,37741461,2697892877,Miah.MCCL6279@live.com,4957 kennedy belmont av
423,ivy,frank,13808722,9513126598,Iv.FR1013@yahoo.com,6696 chalmers
424,leslie,palmer,82923644,7125634610,Les.PALM8796@yahoo.com,4923 rogers
425,zoie,peck,54776863,9706020689,Zoie.PEC2512@hushmail.com,4828 avenue m
426,janelle,reilly,94261917,7724151194,Jane.REILL2027@live.com,1122 lithuanian plaza
427,tripp,collins,18313677,8189288226,Trip.COLLI6044@mail2web.com,429 hiawatha
428,victoria,espinoza,98236642,2568757441,Vict.ESPINOZ6028@mail2web.com,2818 58th
429,adrienne,gross,34632319,9311392233,Adrienne.GR2232@hushmail.com,7213 49th
430,claire,sellers,34997031,5708387039,Clair.SELL5479@yahoo.com,8161 wayman
431,quintin,cox,68516016,2059081071,Quin.CO2996@hushmail.com,1822 111th
432,estrella,wallace,24477507,2488155364,Estrel.WAL7713@hushmail.com,8662 race
433,luca,valenzuela,47683849,7852228618,Luca.VALENZUEL2563@gmail.com,3057 van buren
434,kobe,johns,71084422,8187077710,Kob.JOHN2011@gmail.com,1732 lsd fort dearborn
435,cayson,harrington,04114319,2811404023,Cay.HARRINGTON3941@yahoo.com,7183 estes
436,malik,thomas,47341228,4192710571,Mali.THOMA1288@mail2web.com,1479 kildare
437,ronan,brewer,62919223,4021601537,Ron.BREWER6082@live.com,3532 ottawa
438,jasmin,casey,27813887,5869695441,Jas.CASE1787@live.com,3599 oxford
439,mohammed,livingston,05235926,2168718942,Mohammed.LIVINGSTO1408@mail2web.com,9598 louie
440,vivienne,macias,17456571,9382925444,Vivie.MACIA6749@gmail.com,5653 warwick
441,sawyer,jacobson,85083876,8317803914,Sawy.JACOB1480@live.com,6671 lsd illinois st
442,tomas,steele,15482942,5711882472,Tomas.STEELE2216@yahoo.com,8124 mannheim
443,drew,mcfarland,97892752,2489386736,Dr.MCFARLA6055@yahoo.com,5487 drexel
444,kaleb,dawson,04703485,8635005194,Ka.DAWSON5490@mail2web.com,6311 astor
445,emmalyn,lang,05082238,4693913101,Emmal.LAN4134@hushmail.com,65 riverside
446,rosemary,gray,05019294,8143032130,Rosem.GRA9949@gmail.com,4471 bennett
447,craig,vincent,57546997,5713086590,Craig.VINCEN6004@mail2web.com,2829 vernon park
448,myles,sargent,35382079,9152655395,Myles.SARG2241@gmail.com,9393 oshkosh
449,patricia,buck,51810588,3396778968,Patri.BUCK3999@gmail.com,2758 albion
450,ayleen,wise,27547304,7063150965,Ayleen.WISE6992@gmail.com,4870 kruger
451,daniela,spears,67613253,7639516021,Daniel.SPE6723@yahoo.com,5453 cornelia
452,mia,erickson,47254263,2815909715,Mi.ERICKS7013@live.com,6433 luther
453,madilynn,anthony,28868965,7085035521,Madi.ANTH1534@yahoo.com,661 thome
454,conor,barker,94670918,8012250546,Cono.BAR7749@live.com,9309 augusta
455,zara,osborn,69266969,2486475382,Za.OSB2594@live.com,2822 latrobe
456,tinley,burch,77512627,3133035272,Tinley.BUR7635@hushmail.com,6090 shakespeare
457,tinley,hardin,24799494,2182827438,Tinl.HAR6132@mail2web.com,8975 dominick
458,alyvia,whitley,89423296,5015271379,Alyv.WHITLE7165@yahoo.com,90 oswego
459,imani,morrison,77535679,3185744268,Ima.MORR8175@gmail.com,5772 foster
460,kayden,barber,67171537,8135217925,Kay.BAR1250@hushmail.com,1199 kennedy california av
461,joseph,schneider,83940997,2132789929,Jose.SCHNE5107@live.com,2754 pulaski
462,izaiah,snider,81693852,5309770334,Izaia.SNID6941@hushmail.com,4753 colfax
463,talia,rios,81008739,9716989355,Ta.RI9949@live.com,2212 kennedy irving park rd
464,kimber,morin,75860630,8575355405,Kimber.MORI7351@yahoo.com,6659 st lawrence
465,quincy,pitts,49486464,6179664332,Quin.PI1639@hushmail.com,4466 calumet river
466,zion,lancaster,97543806,9198813767,Zio.LANC8038@live.com,9155 lake
467,maryam,larsen,42567911,3166576968,Mary.LARS5902@live.com,3430 albany
468,jayla,tyson,44915441,9034021286,Ja.TYS6818@gmail.com,3781 montrose harbor
469,jaxen,figueroa,58694637,4845733972,Jaxen.FIGUER1462@hushmail.com,185 castlewood
470,everett,cooper,76982797,2086331898,Evere.COO8904@mail2web.com,3971 waveland
471,zachariah,newman,15701552,4841909829,Zachari.NEWMAN1887@yahoo.com,6644 hamilton
472,davon,carrillo,55611652,8722293528,Da.CARRIL3764@hushmail.com,2420 franklin ext stevenson ob
473,alec,bright,86452779,8434772865,Alec.BRIGH5443@live.com,884 eriksen
474,desmond,sims,25962209,2241635929,Des.SIM5666@yahoo.com,5123 stevenson
475,amya,page,55249460,9172165324,Am.PA3276@hushmail.com,2048 eisenhower damen av
476,violet,hickman,49980376,7075441117,Viole.HICKMAN3910@yahoo.com,510 76th
477,lincoln,glover,57321714,3031898386,Linc.GLOVE7548@yahoo.com,8681 oak
478,lacey,read,49511313,8431545160,La.Rea3204@hushmail.com,5126 devon
479,elisa,pitts,09963182,9701885532,Elis.PIT7451@hushmail.com,1423 edward
480,bently,hull,16746793,2027152518,Bentl.HUL7660@live.com,3767 west drive of oakley
481,madalyn,norman,45124988,6239063569,Madaly.NORM1123@hushmail.com,6548 fletcher
482,london,shaw,11241645,3522493356,Londo.SH7182@live.com,4014 tooker
483,camilla,fowler,48824334,7726404617,Cam.FOWLE6990@mail2web.com,4533 kirby
484,zariah,suarez,87655215,5135262308,Zariah.SUARE4267@yahoo.com,2333 nottingham
485,matthias,gilbert,59345721,4752222209,Matt.GILBER8708@gmail.com,605 delaware
486,bristol,butler,47350134,8703374602,Brist.BUTLER6474@hushmail.com,1797 concord
487,aydin,patterson,31213186,7175000828,Ay.PATTE7950@mail2web.com,2489 besly
488,alison,strickland,78179934,7735996017,Alison.STRICKLAN7985@mail2web.com,9095 lakefront
489,ryland,graves,78782781,6121810477,Ryla.GRAVE9767@mail2web.com,9684 113th
490,deangelo,kinney,69518876,9069399445,Deangelo.KINNEY9296@hushmail.com,4411 midway airport cicero ave
491,kinsley,parsons,94589194,9107174395,Kinsl.PARSONS4975@live.com,7004 marshfield
492,london,weiss,82273249,7276068813,Lond.WE4589@mail2web.com,3205 rockwell
493,corey,mcbride,02455484,7751000192,Co.MCB3464@mail2web.com,2524 38th
494,vance,stone,23702923,3361415661,Va.STO9558@live.com,6350 harbor
495,dimitri,alexander,43414556,7161544626,Dimit.ALEXANDER2011@mail2web.com,6776 stevenson
496,moriah,cleveland,67232579,4801244357,Moria.CLEV7092@hushmail.com,1459 lightfoot
497,kendrick,yang,44876688,4042858065,Kendrick.YANG5507@yahoo.com,975 tilden
498,amari,lancaster,79169127,9285469278,Amari.LANCA5279@mail2web.com,4743 coles
499,mariyah,owen,29807744,3524768303,Mari.OWE9235@gmail.com,5113 arbour
500,ali,ashley,66870202,4408276728,Al.ASHL4072@yahoo.com,3500 larrabee
501,davon,harrington,27714793,6462416890,Dav.HARRINGTO1475@mail2web.com,7526 crystal
502,isaiah,cannon,61376055,6187078055,Isai.CANNO9269@hushmail.com,2363 northwest
503,karis,robles,74319276,6844960260,Ka.ROBLES3717@gmail.com,4300 mobile
504,bailey,henry,17755939,7325461659,Bailey.HE2999@yahoo.com,1833 kirkland
505,sonia,graham,06958392,9064307831,Sonia.GRA1093@mail2web.com,3066 state line
506,abigail,grant,63176189,9789019777,Abiga.GRA4521@live.com,6744 fulton market
507,matias,dominguez,14967362,6122515488,Mati.DOMINGUE5274@live.com,7261 des plaines river
508,ashtyn,hill,41039457,7031034545,Ash.HI2860@gmail.com,1208 surrey
509,nickolas,ratliff,02537134,8701888076,Nickol.RATLI5227@hushmail.com,3707 wrightwood
510,viviana,dotson,07615570,5671746162,Viv.DOTSON4422@live.com,9167 sioux
511,edward,good,47332435,2629442132,Edward.GOO8490@live.com,1321 drexel square
512,trey,warren,01763793,8503607255,Tr.WARREN4186@yahoo.com,423 quinn
513,charleigh,morrow,84636776,4797427151,Charle.MOR5701@mail2web.com,9681 menomonee
514,cecelia,barrett,63550879,2246443832,Ceceli.BARRE6041@hushmail.com,7998 larned
515,kenny,guerra,13908418,7473351619,Kenny.GUERRA1688@live.com,5611 sherman park
516,edgar,durham,18625090,8281879914,Ed.DURHAM8147@gmail.com,516 prescott
517,alaya,york,98042865,2166282524,Alaya.YO6388@yahoo.com,1787 illinois
518,kali,levine,28753143,8047484781,Ka.LEV2393@gmail.com,3054 paxton
519,kynlee,moses,49373203,2169278158,Kynlee.MOS4452@yahoo.com,2603 stevenson damen av
520,charli,cameron,01423443,2818918680,Charl.CAMERO5750@hushmail.com,1009 lehmann
521,coleman,davenport,95456684,7171651887,Coleman.DAVENPORT7972@mail2web.com,8882 oketo
522,quinten,nguyen,72255409,5151809861,Quinten.NGU4311@gmail.com,5692 ponchartrain
523,emilie,burton,24427811,5754733306,Emi.BUR8121@gmail.com,7312 oketo
524,haley,olsen,44366939,7853564598,Ha.OLSE6332@live.com,5502 south chicago
525,elisa,sloan,44774160,9147191453,Eli.SLOA3345@gmail.com,9066 lowerlevelt3
526,alanna,flores,58234755,3476880246,Alanna.FLO8695@yahoo.com,7620 johnson
527,ricky,mills,69208912,5629301850,Ricky.MILLS9224@yahoo.com,6775 meyer
528,dayton,parks,03005173,3179550516,Dayto.PARKS1334@hushmail.com,3533 hartland
529,arya,burns,81666058,7139654771,Ary.BUR6224@yahoo.com,6644 stevenson ib lsd sb
530,ariella,mccullough,69108191,6366058524,Ariella.MCCULLO6911@live.com,9756 packers
531,reese,wilcox,37844973,2706401422,Reese.WILCO7690@gmail.com,8783 waterloo
532,lilly,sampson,29596452,4241469376,Lill.SAMPSO8520@yahoo.com,3079 roscoe
533,kaelyn,pennington,16070459,7658761377,Kaely.PENNI8811@mail2web.com,6241 meredith
534,tiffany,richard,06874028,8436516593,Tiff.RICHA1263@yahoo.com,7847 edens foster av
535,jaelynn,glenn,45570209,8643000468,Jaelynn.GLENN9722@yahoo.com,4735 mccrea
536,lena,bernard,02221954,9298714245,Le.BERNARD6861@gmail.com,8357 willard
537,brogan,riddle,88987085,3303097825,Brog.RIDD9276@yahoo.com,5654 69th
538,asia,guthrie,04183790,2488542818,Asia.GUTH9398@yahoo.com,8703 dan ryan 47th st
539,braydon,jacobson,04745369,5072615812,Braydon.JACOBS9084@yahoo.com,1206 lsd 31st st
540,landon,villarreal,23065943,5204108674,Lando.VILLARREA9664@mail2web.com,2932 charles
541,fiona,bowers,72479867,3147437089,Fi.BOWERS7190@mail2web.com,1980 escanaba
542,frank,conway,08182639,4807231700,Frank.CONW5501@gmail.com,7738 berteau
543,gia,kelly,66130765,8581057611,Gi.KELL5528@mail2web.com,5668 46th
544,zachariah,trevino,77405776,9787945738,Zachari.TREVIN7351@yahoo.com,8815 sioux
545,lyric,zimmerman,88902628,9066118393,Lyric.ZIMMERM9028@hushmail.com,6765 wendell
546,trey,russell,13481270,7622149955,Trey.RUSSEL3351@live.com,4955 westshore
547,danna,gibbs,31748790,3191383185,Da.GIBBS1178@yahoo.com,8734 childrens
548,elliana,lyons,82560149,7572257933,Ellian.LYO3788@yahoo.com,52 lsd belmont av
549,cash,hale,24014949,9048074886,Cash.HA9931@hushmail.com,2376 belden
550,lorelai,johnston,47955145,5202412410,Lorela.JOHNST1641@mail2web.com,4663 everell
551,rachel,cleveland,49119625,3601426347,Rachel.CLEVEL7181@live.com,1891 drexel
552,jaycee,hart,02455501,9477272034,Jayc.HAR4732@mail2web.com,9287 30th
553,elvis,curry,54149095,8148251921,Elvi.CUR2177@hushmail.com,6959 opal
554,briella,dudley,12666759,9783277392,Brie.DUD6226@gmail.com,9667 shelby
555,derrick,carpenter,35432087,6315731310,Der.CARP6865@hushmail.com,9256 minerva
556,adalyn,rodgers,91371337,2624696375,Adaly.RODGERS2161@gmail.com,4402 ponchartrain
557,darrell,flynn,28702887,5088449648,Darre.FLYNN4856@hushmail.com,1491 academy
558,tatiana,floyd,05277063,8109048946,Tati.FL4319@hushmail.com,6237 kearsarge
559,camilla,carrillo,84160425,4323476820,Camil.CARRILLO8678@yahoo.com,5595 kennedy
560,taryn,coffey,86281328,7737118994,Ta.COFFE7954@hushmail.com,278 campbell park
561,carolyn,newman,25336797,4706264074,Caro.NEW1989@gmail.com,3530 burkhardt
562,william,head,03744431,3088134212,Willi.HE9738@hushmail.com,8648 43rd
563,diego,cunningham,03797659,8034456045,Diego.CUNNING9469@gmail.com,124 drexel
564,miya,bennett,49300353,8724804923,Miya.BENNETT6181@gmail.com,8588 lightfoot
565,rowan,rodgers,22214535,7088741696,Rowan.RODGER6228@live.com,5154 mendell
566,joyce,farmer,19115267,7874153263,Joyce.FARMER9468@yahoo.com,146 pier
567,lesly,rosales,76597636,2675338767,Les.ROSA7699@hushmail.com,3343 drexel square
568,victoria,daniels,36728418,6572191160,Vict.DANIE9888@mail2web.com,7241 122nd
569,genevieve,wilkinson,02163670,2064880777,Genevieve.WILK6652@live.com,3800 quinn
570,joey,martin,21846982,7575229753,Joey.MARTI3595@gmail.com,6112 newark
571,siena,nixon,17707643,3608892799,Sie.NIX6750@yahoo.com,1905 yale
572,aubrey,lancaster,23624142,3101246558,Aubr.LANCASTE3777@live.com,9152 academy
573,jaqueline,rhodes,66877001,6074170364,Jaque.RHOD9191@live.com,2964 79th
574,aliyah,sparks,63804646,9704662793,Aliya.SPAR7489@gmail.com,5043 94th
575,leia,gilbert,15449217,8104920110,Lei.GILB4354@gmail.com,5492 hobart
576,randy,oneil,92408389,6615082410,Rand.ONEIL7433@hushmail.com,4583 49th
577,abigail,collins,71087682,7864885094,Abiga.COLLI3524@mail2web.com,8465 wieland
578,kylan,harper,96340536,9497062632,Kyl.HAR5248@mail2web.com,272 commons
579,abdiel,cantrell,55770273,5676567076,Abdi.CANTREL9208@mail2web.com,4214 dan ryan wentworth av
580,lorelai,vazquez,94393333,7634451150,Lorela.VAZQU5649@yahoo.com,1383 hurlbut
581,aimee,bond,73046969,9513749267,Ai.BON1187@live.com,4766 zemke
582,frederick,melton,37384818,6367981663,Frederic.MELTO6000@hushmail.com,6416 lsd michigan avenue
583,rebekah,chavez,71816126,8569236876,Rebeka.CHAVE4386@gmail.com,1007 rosemont
584,kyson,burnett,16700903,7089666803,Ky.BURN1621@live.com,3787 may
585,helen,wise,81647983,9791774858,He.WISE9622@hushmail.com,9138 bloomingdale
586,mae,randolph,07517225,9856618971,Mae.RANDOLPH5635@mail2web.com,2201 bowler
587,sasha,evans,87885032,5171746392,Sa.EVA5429@mail2web.com,5391 fremont
588,derek,rios,17367000,6628984939,Derek.RI8760@yahoo.com,9039 burley
589,heidi,mcdaniel,03786170,8642609504,Heidi.MCDANIEL4860@hushmail.com,1731 avalon
590,landon,carney,99332446,2017137986,Land.CAR1656@gmail.com,3333 jackson
591,moses,levine,71403736,7082377623,Mos.LEVIN5822@gmail.com,4255 north shore
592,mikaela,kane,62134993,7143163519,Mik.KAN7372@gmail.com,4863 union
593,journey,becker,74796270,8594886683,Jour.BECKER3500@gmail.com,5933 dan ryan i57
594,kimberly,mercado,13628619,4424308890,Kimb.MERCAD1060@live.com,2166 harper
595,kaiya,gomez,56635714,2812439749,Ka.GO8839@mail2web.com,7381 arch
596,marie,meyers,64525680,6607440240,Mari.MEYERS5326@gmail.com,7439 wolf
597,bruce,boone,34917004,2628505412,Bru.BO9604@live.com,3133 perry
598,kassandra,briggs,55328352,9789343280,Kassan.BRIGGS9879@yahoo.com,798 greenview
599,sara,terrell,82197641,7819624966,Sara.TER3944@hushmail.com,5673 martin
600,zackary,gilbert,24517788,3075906913,Zac.GILBER5566@live.com,8015 blackhawk
601,sofia,higgins,12556296,2295885883,Sof.HIGGI2971@hushmail.com,7882 oketo
602,branden,bryant,14735553,3146507224,Bran.BRYA7967@mail2web.com,1295 green bay
603,lance,shannon,94782283,3059658883,Lan.SHA4262@hushmail.com,4888 kennedy monroe st
604,kimber,tucker,92643865,9195457647,Kimb.TUCKE2635@yahoo.com,6644 governors
605,ronald,logan,77831427,8048945579,Ronal.LOGAN7000@live.com,6805 hyde park
606,kaylyn,bray,85043579,5188828509,Kay.BRA9657@hushmail.com,5080 kennedy armitage av
607,brynlee,mendoza,67717964,5619193552,Brynl.MEN2675@hushmail.com,6958 austin av jfk
608,timothy,gillespie,97088605,6091128514,Tim.GILLESPI3051@gmail.com,4790 kennedy irving park rd
609,ari,peterson,35849600,6026957857,Ari.PETERSO9907@yahoo.com,7135 springfield
610,penelope,carpenter,55816269,3162293161,Penel.CARPEN6783@yahoo.com,6420 hollett
611,dalton,wiggins,19889345,7604814715,Dalton.WIGGIN3794@yahoo.com,4662 82nd
612,graysen,brooks,56073382,2164397550,Grays.BROOK5498@hushmail.com,2764 seipp
613,aylin,mccall,03546835,2037542782,Aylin.MCCAL2461@mail2web.com,4930 university
614,camron,leblanc,84992326,8158972478,Camron.LEBLAN8627@hushmail.com,8877 20th
615,ean,conley,78377483,6081258418,Ean.CONLEY5472@mail2web.com,7879 calumet river
616,jenny,stanton,82487636,7321988488,Je.STANT6851@yahoo.com,6333 monroe
617,braylon,robertson,44285183,2765756329,Bray.ROBE7580@yahoo.com,7676 fuller
618,cristopher,witt,83631839,4308668103,Cristop.WITT6206@hushmail.com,9111 81st
619,skyler,riley,16907375,5159459785,Skyler.RIL8366@live.com,4229 i55 cicero av
620,mckenna,austin,96145342,2051624677,Mcke.AUSTI2200@live.com,6255 pierce
621,abraham,navarro,09709389,9806371032,Abr.NAVARR5934@yahoo.com,1417 larchmont
622,triston,snyder,02353360,8651918885,Tris.SNYDE5003@gmail.com,6229 luella
623,cesar,medina,27684568,8017798677,Ces.MEDIN2412@hushmail.com,1533 lake shore lower
624,armani,moore,43790562,9374295389,Armani.MOO9812@yahoo.com,6987 liberty
625,mattie,beard,21847070,2153560718,Matti.BE7162@live.com,1410 linden
626,sandra,stark,47131211,8105696158,San.STA7218@live.com,7734 lowe
627,madalyn,holcomb,03093027,7739800785,Madaly.HOLC9568@gmail.com,5789 nickerson
628,jamie,cunningham,37117199,3863860747,Ja.CUNNING1177@hushmail.com,2650 poe
629,diana,horton,43166586,6828142057,Dia.HORT7459@mail2web.com,8856 lawler
630,elin,stark,89265137,7083050079,Eli.ST7609@yahoo.com,8223 stratford
631,adelaide,bennett,84337107,9895527109,Adel.BEN6082@live.com,9585 page
632,marcos,garrett,86072777,2197641719,Mar.GAR3944@hushmail.com,6549 lakewood
633,johanna,summers,31641819,7871127959,Johan.SUMME8906@hushmail.com,4394 nelson
634,eric,lee,01948478,7603015758,Eric.L3008@gmail.com,9862 81st
635,jewel,duran,02425172,7088796654,Jewel.DUR4216@yahoo.com,7457 terra cotta
636,isai,allen,04371040,2156025109,Isai.AL6674@live.com,4794 lsd sb stevenson ob
637,hanna,barber,92730622,9065206275,Hann.BAR7369@mail2web.com,4997 37th
638,sadie,vance,09167156,2348315723,Sadie.VANCE5715@yahoo.com,6618 lsd wilson av
639,willie,tanner,54650429,8471501947,Willie.TANNER4995@yahoo.com,8043 fremont
640,tiffany,daniel,35816959,5746013397,Tiff.DANIEL7327@mail2web.com,2018 bay
641,damon,dickson,68554831,9199685145,Damo.DIC4479@gmail.com,1891 bishop ford 103rd st stony
642,enzo,rodriquez,78550573,9561710923,Enzo.RODRI2596@live.com,6146 gratten
643,analia,delaney,94704578,3093501921,Analia.DELAN8794@live.com,1052 park
644,averi,cain,65483997,4359184095,Ave.CAI2264@gmail.com,6715 st james
645,zachery,santos,95220031,9562812285,Zache.SANT1251@live.com,4547 le mai
646,jaden,romero,21371928,5752644073,Ja.ROMER5694@mail2web.com,6317 haddock
647,juan,nelson,97656985,7816376921,Juan.NELS1640@mail2web.com,2373 cta bus
648,thalia,solomon,13294780,2524235277,Tha.SOLOM6138@yahoo.com,8662 bonfield
649,krystal,cooke,61996616,4709993784,Krystal.COOKE2433@hushmail.com,8211 n branch canal
650,jaylah,turner,29788486,7185537118,Jaylah.TUR1618@yahoo.com,4853 avenue h
651,bentley,harrison,08353290,6079481007,Bent.HARRI2203@yahoo.com,6641 troy
652,yaritza,morin,37540498,4126618496,Yarit.MORIN5463@gmail.com,1817 lsd 47th st
653,arely,koch,07917452,7278452784,Arely.KOCH5617@mail2web.com,7146 lawrence
654,milo,beasley,57135388,2609194642,Milo.BEA8978@live.com,9338 prairie
655,haley,wiggins,86546956,6573842296,Ha.WIGGI2257@mail2web.com,7526 latham
656,lathan,mclean,27241826,2098473085,Lat.MCLE5312@yahoo.com,1710 mcdowell
657,kara,delacruz,21086446,9109382534,Ka.DELA2581@hushmail.com,359 fern
658,messiah,weeks,36536909,4324394997,Mess.WEE1763@yahoo.com,6444 goethe
659,aliyah,bowman,47201985,7578716347,Aliy.BOW2891@yahoo.com,5875 point
660,sterling,thompson,93224121,7062501366,Sterling.THOMP8758@mail2web.com,6634 cta 95th st
661,brendon,finch,43140466,4781442173,Bren.FIN9504@gmail.com,2470 archer
662,ivan,golden,32738814,9494209646,Iv.GOLDEN6290@gmail.com,1438 massasoit
663,kristina,serrano,06955802,6233773326,Kris.SER7814@live.com,9364 concord
664,eduardo,newton,18466912,5083301762,Edua.NEWT9556@gmail.com,8620 85th
665,boston,booth,17968577,5717676674,Boston.BOO1434@yahoo.com,5531 59th
666,rory,blanchard,41381034,9283554098,Ror.BLAN2686@live.com,9235 kiona
667,sam,terrell,29795068,2166948316,Sam.TER5012@gmail.com,9810 kilpatrick
668,kayleigh,hurst,42883767,9154005907,Kayleigh.HURS4311@gmail.com,1978 i57
669,kash,gentry,15562269,3027050773,Kas.GENTRY6361@mail2web.com,7188 stockton
670,kaitlynn,curtis,81682435,9207746585,Kait.CURT1928@live.com,9594 wildwood
671,jadyn,wooten,74160596,8029895414,Jad.WOOT1527@yahoo.com,5447 riverview
672,kane,garrison,04819287,3163718543,Kan.GARRIS2434@live.com,7631 gullikson
673,aniya,franco,86109646,7048138128,Ani.FRAN7160@gmail.com,1306 maria
674,adalyn,hicks,65545990,6017845929,Adal.HICK2617@mail2web.com,7324 seminary
675,addisyn,pugh,14165075,5104713829,Add.PU3276@hushmail.com,8957 stevenson dan ryan ib
676,alivia,bird,26531333,9476657955,Aliv.BIRD3502@mail2web.com,4387 kenosha
677,tristan,mclean,17726169,6161029247,Tri.MCLE1267@live.com,3005 mccormick place
678,yazmin,yates,86275164,6787571957,Yazmi.YA4640@live.com,4882 80th
679,alyssa,weeks,93240100,4131418686,Alys.WEEK8676@hushmail.com,9576 cherry
680,agustin,sweet,47920351,6154455423,Agustin.SWEE7508@yahoo.com,6486 yates
681,lilia,reid,28428080,4358108303,Lilia.REID9330@gmail.com,6801 michigan
682,vera,holloway,61197718,7476141210,Vera.HOLLO1838@mail2web.com,3588 mankato
683,isabell,franks,02177140,8036812179,Isab.FRANKS3002@hushmail.com,6795 arthington
684,arya,anderson,28054465,7877149233,Ary.ANDERS4126@live.com,7456 kewanee
685,yoselin,roy,09966454,5036489162,Yosel.R7883@gmail.com,1746 belmont harbor
686,tara,sheppard,85619676,8657280148,Ta.SHEPPARD9065@mail2web.com,4508 lexington
687,kailynn,madden,58946827,7819244142,Kailynn.MADDEN7211@yahoo.com,4685 south water
688,dexter,jackson,27194275,7021949149,Dext.JACKSON7811@hushmail.com,7300 sutton
689,matilda,hester,98520209,9159810170,Matilda.HEST7931@gmail.com,3382 wilson
690,matthias,swanson,92408573,4193103538,Matth.SWANS3628@hushmail.com,3237 surrey
691,ariella,cote,64088660,8729056795,Arie.CO1763@hushmail.com,3681 beacon
692,sage,mcconnell,76884477,5617994326,Sage.MCCONNELL9122@yahoo.com,3303 division
693,lane,benjamin,56207290,6149169782,Lan.BENJAMIN1133@mail2web.com,3437 hickory
694,turner,knowles,45128274,7851046697,Turn.KNOWL3124@hushmail.com,9944 somerset
695,ronan,puckett,19723533,8609143062,Ron.PUCKET9192@mail2web.com,7894 hyacinth
696,aliya,terry,48848891,9169515745,Aliya.TERR4196@live.com,5063 dan ryan 18th st
697,kylah,schmidt,61164135,5304851301,Ky.SCH4935@live.com,5648 oak park
698,elsie,merritt,17879521,3363720762,Elsie.MERRITT5797@mail2web.com,7897 washington
699,vincent,manning,36019065,4326611437,Vinc.MANNI5166@live.com,4615 sell
700,yaritza,conley,64970076,2253740486,Yar.CONLEY3971@yahoo.com,7572 augusta
701,randall,davidson,08745675,4017005802,Randall.DAVIDSON2419@mail2web.com,7232 bishop ford
702,ethen,charles,52706724,9711021773,Eth.CHARLE6736@gmail.com,2971 52nd
703,mckayla,blake,93828495,7326683155,Mck.BLAK5077@gmail.com,9390 109th
704,javion,barron,25584040,9039192332,Javi.BARR1184@live.com,8890 kingston
705,zane,moon,84456863,2127921388,Zan.MOON2554@gmail.com,580 madison park
706,camdyn,bruce,08694145,8433091323,Camdyn.BRU6046@live.com,6204 redwood
707,nevaeh,webb,15155697,4011665306,Nevaeh.WEBB4583@gmail.com,5398 margate
708,alonso,marks,49832257,9707328871,Alo.MARK3608@gmail.com,7618 schick
709,charleigh,young,26260499,4351212186,Charleig.YOUN6308@hushmail.com,4512 lyon
710,tiffany,romero,14649960,8051447419,Tiffa.ROME3231@mail2web.com,5907 dan ryan ib eisenhower ob
711,mekhi,cabrera,04870639,7655305377,Me.CAB5499@hushmail.com,7965 rhodes
712,lane,farmer,24347296,6814383814,Lane.FARMER9154@gmail.com,5418 marshfield
713,seamus,young,82505730,5734402790,Sea.YO8496@mail2web.com,1998 montgomery
714,anthony,harmon,16136730,7407010679,Ant.HARM9011@live.com,1280 weed
715,johanna,cervantes,85900212,9705455782,Johann.CERVANTES6795@yahoo.com,1098 honore
716,kayden,mckinney,18053571,3476918404,Kay.MCKINNE9102@live.com,4936 central
717,landry,downs,56407910,7129251885,Land.DOWN7264@mail2web.com,9670 owen
718,efrain,ward,25515895,4054999217,Efrain.WA8378@yahoo.com,9010 vernon park
719,serena,parsons,39879341,7068163724,Serena.PARS3929@mail2web.com,4434 seminary
720,jaime,york,37480717,6088664504,Jaime.YOR3422@hushmail.com,4455 peshtigo
721,harvey,vang,73686734,5094424483,Harv.VANG7226@mail2web.com,2420 dan ryan marquette rd
722,emanuel,stewart,16428752,8434021958,Emanu.STEWA7924@live.com,9324 rush
723,kylee,sanford,26379100,6165512829,Kyl.SANFOR8961@gmail.com,8090 le mai
724,gabrielle,cline,56277018,6502996680,Gabri.CL7655@live.com,7522 alexander
725,layla,donaldson,99969570,5084239854,Layla.DONALD3788@hushmail.com,7715 evans
726,aliya,mullen,58084798,4096706796,Aliy.MULL7062@live.com,4530 kercheval
727,britney,parker,31243362,6574414582,Bri.PARKE7475@hushmail.com,3063 olmsted
728,avery,pittman,19966069,5741930140,Ave.PITTM6547@live.com,5705 junior
729,legend,cochran,93558920,2107397853,Legend.COCHRA6023@live.com,2966 bradley
730,roland,holder,59803979,5852462800,Roland.HOL2900@gmail.com,3293 breakwater access
731,brooks,lamb,28738204,3618987663,Brooks.LA9074@gmail.com,1039 campus
732,kenzie,cameron,13447098,3077381219,Kenzi.CAM5093@yahoo.com,8442 kilpatrick
733,cheyanne,lopez,61989996,7472288503,Cheya.LOP5232@yahoo.com,4910 thomas barclay
734,kaitlin,rodriquez,15304719,9398058771,Kaitl.RODRIQ4327@gmail.com,1680 riverside
735,tess,atkinson,26291326,6574787864,Tess.ATKINSO1479@hushmail.com,5476 public
736,perla,webster,35318624,2625539403,Perla.WEBS3137@live.com,8739 prairie
737,matthew,hamilton,57744062,7724995571,Matt.HAMIL5541@hushmail.com,7281 brompton
738,alayah,puckett,79450973,8454542096,Alayah.PUCKE2087@yahoo.com,9819 midway airport cicero ave
739,xander,hardy,77289931,7189122115,Xande.HARD8119@hushmail.com,3113 98th
740,heaven,abbott,68503770,3237300435,Heave.ABBOT4797@live.com,4795 marcey
741,johann,barry,59758866,9521640583,Joha.BARR6035@yahoo.com,405 kennedy monroe st
742,daisy,grant,94019789,5025237439,Dais.GRAN5654@yahoo.com,3326 hood
743,jaylee,hays,43526695,7141356571,Jay.HAYS6699@mail2web.com,7816 allport
744,harold,carpenter,89711722,8188657624,Haro.CARPENTER4046@yahoo.com,7463 sacramento
745,kamren,riley,45059231,8573032388,Kam.RILEY7473@hushmail.com,6830 commonwealth
746,tianna,campos,45329061,3864029760,Tian.CAM1153@yahoo.com,8970 kiona
747,bradyn,sykes,46807881,2243691057,Brady.SYK4421@gmail.com,4095 churchill row access
748,leslie,mcdowell,17783058,6827545580,Lesl.MCDOW2724@hushmail.com,7509 ellen
749,triston,haley,01836719,5014360626,Trist.HALE2844@gmail.com,121 homewood
750,jude,solomon,92183914,5122518369,Jud.SOL7397@mail2web.com,2122 louie
751,kasen,chapman,61276748,2622888351,Kasen.CHAPMA2266@yahoo.com,3629 scottsdale
752,bodhi,clark,84654692,9721722390,Bo.CLARK3463@live.com,2417 103rd
753,diego,eaton,36277791,5415805979,Diego.EATO5133@mail2web.com,8464 bishop ford 103rd st
754,reyna,baxter,44586994,3617310979,Reyna.BAXTER6187@mail2web.com,4081 joyce
755,konnor,montoya,51445360,3364720368,Kon.MONTO6574@yahoo.com,1765 stevenson 31st st
756,yosef,bond,48286201,7814787234,Yosef.BON2030@mail2web.com,2442 root
757,arthur,rhodes,13028868,7743296781,Arth.RHODE2362@mail2web.com,5068 walnut
758,jason,callahan,31711237,4063019141,Jason.CALLAHA5774@hushmail.com,6061 wesley
759,giana,rojas,18241985,3604621646,Gia.ROJA7458@yahoo.com,9004 warwick
760,tristan,deleon,03353479,6207859009,Trist.DELEO1253@mail2web.com,6107 conservatory
761,aleah,cardenas,33130047,5403677595,Aleah.CARDENA2757@live.com,8975 wicker park
762,kelvin,wilkins,63068482,9732900787,Kelvin.WILKI9513@gmail.com,582 homewood
763,felicity,carey,57325447,2102211391,Feli.CA2708@hushmail.com,5676 mango
764,callan,barnett,58809283,6264727626,Callan.BAR4143@gmail.com,3178 marble
765,josephine,ashley,23280724,4254160128,Josep.ASHLE9982@yahoo.com,3440 116th
766,salvatore,stephens,75682104,4303371890,Salvato.STEPHENS1065@yahoo.com,7324 karlov
767,louis,rogers,58611237,9394224149,Lou.ROG5497@yahoo.com,9656 sawyer
768,kenya,evans,44625208,9401343571,Keny.EV7268@gmail.com,3514 oliphant
769,maximus,thornton,15530633,8572342547,Maximu.THORNTON3410@gmail.com,3650 somerset
770,jaqueline,scott,28416450,3862439672,Jaquelin.SCO3724@hushmail.com,2872 stetson lower
771,jerry,vazquez,28081685,4786769566,Je.VAZQ8512@mail2web.com,750 concord
772,karma,neal,81706844,8103751853,Karma.NEA3843@yahoo.com,5729 st johns
773,kaylee,lyons,17293421,7014254030,Kay.LYON2284@gmail.com,1951 beverly
774,mitchell,hopper,18019067,7208566045,Mitchell.HOPPER9136@gmail.com,9363 kemper
775,quinn,hodge,02399738,3132767197,Quinn.HODG1415@yahoo.com,3808 hill
776,jon,jimenez,85789638,2692925855,J.JIMENE9926@gmail.com,955 kennedy ob jfk express lanes
777,zion,hancock,18136482,2316260243,Zio.HANCOCK6055@hushmail.com,1086 dan ryan ib eisenhower ob
778,danika,wolfe,07474400,5133924357,Danik.WOLF1700@hushmail.com,6899 111th
779,kaliyah,cantrell,76803458,6789398940,Kaliy.CANTREL4654@gmail.com,8334 maple
780,cruz,hardin,59754731,2169047404,Cru.HAR9493@mail2web.com,3442 woodland park
781,greyson,barr,45796744,7549458716,Greys.BARR4369@mail2web.com,7813 campbell park
782,cheyanne,reyes,48353597,9281268289,Cheyanne.REYE4186@mail2web.com,2816 fielding
783,marley,rice,02009165,7739931747,Marl.RICE8602@gmail.com,4276 sayre
784,nathaniel,whitehead,08629729,5107897796,Nath.WHITEHE2493@yahoo.com,1102 academy
785,kash,frye,54543420,4131235924,Kash.FRY1161@mail2web.com,6676 97th
786,molly,lindsey,09935081,2765500349,Molly.LINDSEY2042@hushmail.com,4776 oconto
787,lydia,david,12259667,5177727839,Ly.DAVI4598@live.com,967 owen
788,casey,simmons,34023579,3075242379,Case.SIM7684@yahoo.com,1863 north shore
789,nikolas,estes,38149479,8503101112,Nikol.ESTE4990@mail2web.com,4306 madison
790,adyson,pope,07840301,6461678003,Adys.POPE3351@hushmail.com,1404 fairfield
791,audrina,dominguez,03498029,8575460589,Audrina.DOMINGUEZ4327@gmail.com,4405 ozark
792,ann,cleveland,28857726,2535857748,A.CLEVELA4434@yahoo.com,7898 edens foster av
793,lesly,underwood,61119889,7606394657,Lesl.UNDER9195@hushmail.com,4162 luther
794,tatum,durham,27131349,7182030256,Tat.DURHA6773@yahoo.com,6962 kenwood
795,everett,patton,38904420,9205276687,Eve.PATTON2969@live.com,4142 blue island
796,marc,roberson,46888685,9517498754,Mar.ROBERSO2842@gmail.com,383 mccormick
797,trey,eaton,59082890,8167963667,Trey.EAT5939@hushmail.com,4629 lyndale
798,kieran,baird,93562279,9202405015,Kier.BAIR7584@mail2web.com,5430 gregory
799,caylee,franks,01441879,3135850611,Cayle.FRANKS1687@gmail.com,9160 iron
800,zaniyah,langley,33668505,2534493819,Zaniy.LANGL4617@yahoo.com,6959 geneva
801,zachary,mays,73645638,5805857049,Zacha.MAY5245@live.com,4931 drake
802,stefan,garrett,74542566,9898142501,Ste.GAR9114@hushmail.com,5437 109th
803,dahlia,rosa,18927014,3176790950,Dah.ROS6062@yahoo.com,4766 birchwood
804,emersyn,frost,27602027,7047722361,Emer.FROST8061@hushmail.com,7830 cahill
805,jaeden,wooten,09295871,3311200167,Jaede.WOO6010@yahoo.com,2210 nina
806,garrett,lopez,59040534,8126264969,Garr.LOP5268@mail2web.com,4431 phillips
807,tori,gilmore,17536875,9476125805,Tor.GILMORE4153@live.com,3541 erie
808,thaddeus,benson,41574172,8641407644,Thaddeus.BENSON5856@live.com,8661 cleaver
809,aubri,meyer,35928518,6036499049,Aubri.MEYE7598@gmail.com,2088 englewood
810,caiden,torres,59293219,9796429241,Caiden.TOR7112@yahoo.com,6286 leamington
811,rodolfo,bowers,08623706,3852746176,Rodo.BOWE7010@live.com,489 st michaels
812,journee,ayers,44481880,2194582305,Journe.AYE8519@yahoo.com,7918 churchill
813,hope,patel,97542717,8145104659,Hope.PATE2691@gmail.com,9085 julian
814,camille,morris,53961769,5071542043,Camill.MORRI8142@mail2web.com,607 st michaels
815,karis,wilkins,67300218,4011163624,Kar.WILKI5300@live.com,1675 shakespeare
816,marley,contreras,08846107,5745340696,Marl.CONTR2470@gmail.com,4891 marmora
817,victor,woodard,94907750,2672694923,Vict.WOO8299@hushmail.com,3699 st joseph
818,elsa,atkins,56333209,5716809545,Elsa.ATKIN2885@live.com,1701 kennedy western av
819,breanna,barker,68194757,9016980300,Bre.BAR3582@hushmail.com,2238 constance
820,saanvi,crawford,06348867,9091957797,Saa.CRAWFO9689@mail2web.com,6482 mendota
821,elisha,conway,88656759,4027128138,Elish.CONWA7800@live.com,8027 whipple
822,siena,conrad,37221264,2082446621,Sien.CON1064@yahoo.com,1996 rutherford
823,dayton,chaney,93168300,4047888483,Dayto.CHANE9382@hushmail.com,6530 anthony
824,dangelo,levine,28650306,9166613415,Dang.LEVI9074@mail2web.com,3987 lawler
825,chloe,simpson,94602207,6849961165,Ch.SIMPSO3993@yahoo.com,1339 farwell
826,royce,riley,51926291,9542754842,Royce.RIL8104@live.com,6818 perry
827,willow,tucker,82706665,2197107502,Willo.TUCKE2043@yahoo.com,5805 mildred
828,luis,mendez,09090533,9417121587,Lui.MENDE3903@live.com,4253 northcott
829,rodolfo,sanchez,99987365,2626730539,Rodolfo.SAN3037@live.com,8717 tahoma
830,abbie,alexander,03846057,8283363650,Ab.ALEXANDE6806@gmail.com,9548 grand
831,aden,hopper,95940892,3157064814,Ad.HOPP7462@yahoo.com,330 kingston
832,skye,livingston,49649329,9389257755,Skye.LIVINGS9227@gmail.com,5700 avalon
833,aaden,daniel,62058630,5414813192,Aade.DANI1921@hushmail.com,3263 oliphant
834,angelique,dillard,17931994,4308451500,Angeliq.DILL4084@gmail.com,8165 bishop ford i57
835,cambria,mcpherson,93687922,8161220339,Cam.MCPHERSON8850@gmail.com,465 williams
836,tyrell,mclean,38071535,7478574967,Tyre.MCL1258@live.com,4622 logan
837,jake,haney,94854701,3372792931,Ja.HAN2499@live.com,7687 farrar
838,josephine,sellers,04846510,4043228245,Josephin.SELLE3051@yahoo.com,8748 dakin
839,marvin,whitehead,17399530,7315918657,Mar.WHITE9720@yahoo.com,8108 george
840,johann,tillman,22704260,2814069842,Joha.TILLMAN4887@yahoo.com,2399 church
841,lathan,miller,99439329,5636551346,Latha.MIL4063@live.com,4066 mann
842,corban,hinton,32985203,9518395584,Cor.HINTON3156@yahoo.com,5931 canal
843,milania,grant,73245974,6369016718,Milan.GRANT2003@gmail.com,7317 midway airport
844,demarcus,lee,04581243,2285067699,Dema.LE7954@live.com,291 princeton
845,ezekiel,anderson,71243112,9731594519,Ezek.ANDERSO1105@yahoo.com,4965 stockton
846,cecelia,fowler,68268644,6011436942,Cecel.FOWL3579@live.com,2769 pacific
847,ronnie,henson,31725908,8701338537,Ronnie.HEN2216@live.com,2331 mackinaw
848,sandra,stuart,79369374,5158977334,Sandra.STUAR8663@live.com,9922 leamington
849,dorothy,hubbard,67481394,8477696964,Dorothy.HUBBARD3930@live.com,3718 wacker
850,braxton,deleon,74911001,7121429723,Braxton.DELEON3806@mail2web.com,374 scott
851,isla,soto,96396910,3366725958,Isl.SOTO3056@live.com,9523 south water lower
852,lucian,witt,14371737,4351567480,Lucia.WITT6373@yahoo.com,7620 dan ryan 47th st
853,alfredo,bowman,89949103,5405010104,Alfredo.BOWMAN9633@yahoo.com,933 irving
854,valentin,davenport,13232715,5023001595,Valentin.DAVE7733@yahoo.com,8101 michigan
855,alan,browning,35606122,8165536656,Ala.BROWN7044@yahoo.com,5598 mayfield
856,lisa,hays,64998104,9253753171,Li.HAYS3032@hushmail.com,218 avers
857,mollie,weber,53520864,4019594730,Molli.WEB6400@yahoo.com,8576 i57 ford 119th st
858,susan,sykes,76281667,3474749009,Susa.SYKES9355@live.com,7277 bowler
859,colten,ochoa,76386026,7074599160,Colt.OCHO1681@yahoo.com,2408 44th
860,raphael,preston,23675636,6465964648,Raph.PRESTON9820@yahoo.com,6698 campus
861,dante,fischer,69817361,9785575798,Da.FISC7831@live.com,3433 laramie
862,wyatt,hendricks,26925963,6265487164,Wyatt.HENDR3032@gmail.com,3252 eisenhower taylor st
863,malaya,mueller,07102545,6826204214,Mal.MUEL7898@live.com,704 st michaels
864,zechariah,hull,03683122,2016966252,Zechariah.HULL5848@live.com,3174 grace
865,liam,mcconnell,84066710,3616904322,Li.MCCONNEL2492@gmail.com,857 kennedy washington bl
866,cristina,knight,27796597,2182894254,Cristin.KNIG6252@live.com,9770 dan ryan franklin
867,holden,landry,29191358,3177963262,Hol.LANDR7568@hushmail.com,1944 nagle
868,cannon,keith,44344301,5708709680,Can.KEIT7504@yahoo.com,4699 134th
869,corbin,glover,07703877,5732680693,Corb.GLOV4516@live.com,7554 edens elston av
870,sadie,nash,46080844,5744160814,Sadie.NAS8416@mail2web.com,375 waterloo
871,susan,solomon,31303974,4791503546,Sus.SOLO6375@hushmail.com,7805 wabansia
872,briella,rosa,97874646,2083040105,Briel.ROSA1846@yahoo.com,5008 pulaski
873,kairi,caldwell,69217971,9706842817,Kai.CALD7987@yahoo.com,6360 waterside
874,charley,campos,33050980,8057552977,Charley.CAMPOS3574@mail2web.com,8894 harrison
875,ronnie,bishop,22434390,8082376067,Ronnie.BISHOP2867@hushmail.com,7435 kennedy sacramento av
876,aidan,conrad,48159350,9381840184,Aid.CONRA9189@live.com,200 chestnut
877,bryn,mccall,93417533,5859278673,Br.MCCALL8987@gmail.com,1767 grenshaw
878,barbara,atkinson,91193800,4425209983,Barbara.ATKINS4347@hushmail.com,8606 kennedy kimball av
879,xavi,hall,92808310,3075457429,Xav.HAL5778@hushmail.com,7407 corliss
880,kendra,coleman,39810781,4341168755,Kendr.COLE9758@mail2web.com,5953 blackhawk
881,jagger,raymond,65416845,2011490694,Jagg.RAYMON6328@hushmail.com,9221 82nd
882,alexis,mcguire,45743068,8505815467,Ale.MCGU3238@gmail.com,7254 rush
883,vincent,vincent,23609002,9721686843,Vinc.VIN6300@yahoo.com,6821 mclean
884,cecelia,oliver,06774545,7694427582,Cecel.OLIVE8985@live.com,2105 school
885,deandre,hale,25526325,5759788124,Dea.HALE3627@hushmail.com,8394 kruger
886,kaeden,poole,05128245,3086576704,Kaede.POO7864@live.com,5452 138th
887,hanna,berg,13154589,7659984313,Han.BERG4589@yahoo.com,6833 51st
888,brodie,gross,18898056,7181889256,Bro.GROS2695@yahoo.com,7079 financial
889,iker,velazquez,71896096,5187495465,Ik.VELA4310@live.com,1326 kenmore
890,genevieve,ratliff,01783465,7544583360,Genevieve.RAT5026@live.com,7445 grenshaw
891,deven,merritt,73917366,9176766813,Deve.MERRI6626@mail2web.com,693 78th
892,sonny,kennedy,88861523,4121958600,Sonny.KENNEDY6619@yahoo.com,7867 edens elston av
893,lucas,read,14156568,3095359309,Luca.Read6777@gmail.com,4114 oswego
894,omari,jenkins,52617192,8043011767,Om.JENKI5926@gmail.com,9094 luis munoz marin
895,harrison,ferrell,03930644,5593692119,Harri.FER9528@yahoo.com,9847 wayne
896,dylan,saunders,61045139,8166071165,Dy.SAUNDE1068@live.com,3001 kennedy kostner av
897,cora,ryan,86549480,2138942009,Cora.RYAN5135@yahoo.com,1878 shore
898,mikaela,eaton,76159553,9148632136,Mikaela.EAT7314@mail2web.com,731 finsbury
899,meredith,diaz,22003022,8172257248,Meredit.DIAZ5851@yahoo.com,725 kennedy montrose av
900,jabari,fry,66714081,4179934165,Jabar.F5459@mail2web.com,7862 muskegon
901,paris,ward,38062608,5623646408,Par.WAR4481@live.com,915 asher
902,sterling,ramsey,45596770,4067163234,Sterlin.RAMS4519@yahoo.com,5602 morgan
903,kellan,rowe,71233881,9528927321,Kell.RO4751@live.com,7433 hoxie
904,grayson,leblanc,33611510,4149651778,Gray.LEB2555@yahoo.com,240 drummond
905,roberto,hammond,25188135,8481841696,Robe.HAM5941@gmail.com,2512 flournoy
906,amiya,pate,67430007,3197206418,Ami.PAT8933@live.com,7902 bowler
907,maverick,butler,73934954,9404204784,Maveri.BUT1708@mail2web.com,1076 mayfield
908,ayana,randolph,21561315,2072595491,Aya.RANDOLPH1190@gmail.com,2580 oxford
909,paola,chen,19949366,7817305910,Paola.CHE1300@hushmail.com,9834 dan ryan roosevelt st
910,lewis,jackson,11671056,9512703929,Lewi.JAC7198@gmail.com,7346 luis munoz marin
911,lilianna,bowman,23675378,8605753770,Lilia.BOWMAN7129@mail2web.com,4464 oakenwald
912,jaron,carroll,77752662,5592068668,Jaron.CARROL5439@live.com,531 coulter
913,gerald,green,27916499,2629013163,Ger.GRE4854@live.com,9535 39th
914,lacey,faulkner,37092233,7244290431,Lacey.FAUL4119@hushmail.com,652 kennedy montrose av
915,jordynn,wall,53182302,9378021154,Jordynn.WALL7037@hushmail.com,6322 dan ryan 79th
916,enoch,barlow,28072629,4093713210,Eno.BARL1190@yahoo.com,8757 chicago skyway st lawrence av
917,camilla,slater,37518399,9717157414,Camill.SLATE1599@mail2web.com,2771 howard
918,sawyer,best,46861782,8056260350,Sawye.BEST9181@yahoo.com,3487 birkhoff
919,felipe,mason,43672992,8572379961,Feli.MAS2951@gmail.com,8474 farrell
920,warren,buck,87849273,7202013554,War.BUC4817@mail2web.com,5651 mason
921,veronica,kirby,17560627,2186192350,Vero.KIR7646@yahoo.com,8130 dominick
922,rayna,nielsen,76710113,8782152417,Ra.NIELSEN2199@gmail.com,8974 hurlbut
923,darian,rios,75679948,6162386857,Dar.RIO6113@gmail.com,8871 givins
924,victoria,larson,03008690,6419871439,Victo.LAR6828@mail2web.com,2921 mango
925,pierce,cobb,72695207,3512963915,Pie.COBB7985@hushmail.com,6949 wicker park
926,nevaeh,gates,22503992,2175404656,Nev.GA2423@gmail.com,6174 edbrooke
927,justice,perez,77055697,3038400036,Just.PERE1510@gmail.com,3875 oakenwald
928,jermaine,kemp,53734727,4243356348,Jerm.KE1736@gmail.com,3662 31st
929,arabella,rollins,95693759,2153252347,Arabe.ROLLIN1402@mail2web.com,4063 canalport
930,tessa,mendez,11135340,7875282043,Te.MENDEZ8219@gmail.com,8380 lafayette
931,devon,bryant,98098946,4044937698,Devo.BRYANT7466@gmail.com,9778 lowerlevelt1
932,jamie,reeves,57983818,8105727487,Ja.REEVE7945@yahoo.com,7480 bosak
933,yusuf,patrick,87228057,9038803193,Yu.PATRI4760@mail2web.com,3960 lsd illinois st
934,kyra,hoffman,14906290,3054418198,Kyra.HOFF9640@hushmail.com,3131 forrestville
935,madyson,garcia,92318420,6079744985,Madyson.GARC3493@hushmail.com,8552 keeler
936,saul,romero,57820082,8187970299,Saul.ROME8659@yahoo.com,5183 olmsted
937,jay,stone,13941016,5156557331,Ja.STO6611@gmail.com,2026 dan ryan local
938,maxwell,reeves,59122008,2347739472,Maxw.REEVES2581@live.com,7822 stevenson expy
939,bronson,house,69239170,7602068739,Bro.HOU4280@live.com,8920 lsd randolph st
940,felipe,kelly,41059657,2405525118,Felip.KELLY9202@live.com,696 oconto
941,julien,lester,85102865,8164816616,Jul.LESTE1560@gmail.com,9365 geneva
942,kendra,baxter,12944982,7027372696,Kendra.BAXT2310@mail2web.com,9198 court
943,aaliyah,christian,39265157,7754261163,Aaliya.CHRISTIA8742@gmail.com,2162 columbus ramp
944,jamir,casey,39124552,6813291717,Ja.CA8984@hushmail.com,6084 administration
945,corey,hobbs,94998096,9173821117,Corey.HO8827@yahoo.com,2774 37th
946,casey,molina,99313884,4301769293,Casey.MOLIN1102@yahoo.com,4109 mayfield
947,ismael,calhoun,03450889,9525868856,Ism.CALHOUN1894@gmail.com,6325 pope john paul ii
948,deacon,lowery,03396601,7874768056,Deac.LOW2616@mail2web.com,4824 lill
949,arian,levine,31329305,6516779546,Aria.LEV2583@mail2web.com,9743 maryland
950,nicolas,guy,09543594,7136703163,Nicol.G8469@yahoo.com,1256 ridgeland
951,rylie,beard,71844055,7635603267,Rylie.BEA6908@yahoo.com,4623 hobart
952,jordyn,carson,84660146,8569750453,Jord.CARS1481@yahoo.com,2015 avalon
953,nolan,fields,95663307,7756529882,No.FIE2070@hushmail.com,6711 ross
954,nola,salazar,72534529,2566696806,Nol.SALAZAR6158@live.com,7710 orchard
955,dillon,west,62297243,5639350129,Dillon.WEST1394@mail2web.com,1755 lawler
956,kendra,cleveland,75552915,9171920018,Kendr.CLEV6582@gmail.com,7023 madison park
957,ishaan,merritt,34142600,2289351601,Ishaan.MERRITT7861@hushmail.com,4927 irene
958,izaiah,logan,09038495,2625204952,Izaiah.LOGA6856@mail2web.com,1847 irving park
959,emelia,duke,57256059,2108640819,Emel.DUKE8335@hushmail.com,1599 plymouth
960,casey,powell,91842341,5308442382,Case.POWEL1827@hushmail.com,6123 bernard
961,stanley,walter,73752555,7705122323,Stanle.WALT4639@gmail.com,8508 hayford
962,bryson,mcgowan,31104339,7341927150,Brys.MCG5863@yahoo.com,6134 cahill
963,saige,valenzuela,89585193,9398349474,Saig.VALENZUE8421@hushmail.com,8642 34th
964,isabel,cardenas,51591680,9713409264,Isa.CARD3630@hushmail.com,4791 lsd belmont av
965,asher,boyle,51106888,3365278363,Ashe.BO8296@gmail.com,2882 columbus sub
966,gemma,hughes,92896091,5301081630,Gem.HUGH8706@hushmail.com,5354 jasper
967,martin,stout,69057670,2288647983,Marti.STO4483@yahoo.com,3778 buena
968,esteban,juarez,96819619,9569105182,Esteban.JUARE9695@live.com,7982 larrabee
969,daniel,camacho,41704679,2767963564,Dani.CAMAC2809@gmail.com,5752 harrington
970,kenya,fletcher,78011265,5057127227,Ke.FLET4593@gmail.com,8205 van schaik
971,janiya,small,14262291,9094190382,Janiya.SM1732@mail2web.com,6810 newport
972,saniya,rodriquez,73859199,6206373311,Sani.RODRIQUEZ7122@gmail.com,5971 chicago skyway 87th st
973,averi,william,23025462,5028796469,Averi.WIL9314@live.com,4614 nottingham
974,myles,osborn,27988144,8042648079,Myl.OSBOR8382@gmail.com,402 eisenhower cicero av
975,davon,moon,19688112,5028786099,Da.MO4935@gmail.com,6796 hoxie
976,scott,sharp,26216098,8597768094,Sco.SHARP9452@yahoo.com,5035 n branch chicago river
977,camren,huff,76248150,4437460273,Camr.HU2420@gmail.com,9844 dobson
978,zechariah,lynn,03588393,9701367739,Zechari.LYN2180@live.com,835 mendell
979,edgar,bowers,78187544,8161860760,Ed.BOWER4230@live.com,7956 wacker nb lsd lower
980,penelope,caldwell,01841248,6574562453,Penel.CALDWE8943@yahoo.com,7410 fry
981,dante,schmidt,67826919,5738023292,Dant.SCHM3470@mail2web.com,7463 forest preserve
982,allan,bryan,31654655,8188162446,All.BR1707@live.com,2501 24th
983,alexzander,farley,66572111,8329804849,Alexzan.FARLE6306@hushmail.com,8608 edmaire
984,lyla,black,14024252,7018092910,Lyl.BLA6789@gmail.com,8929 dan ryan 18th st
985,rex,maxwell,36563832,5701003609,Rex.MAXWELL5656@hushmail.com,6634 museum campus
986,leon,potter,47445927,9259726568,Leon.POTTE7195@gmail.com,8622 72nd
987,caiden,sears,28981912,3394089179,Caide.SEARS9147@yahoo.com,1121 otto
988,joseph,torres,11864539,8303833481,Jos.TORRES3605@mail2web.com,7162 ozark
989,peyton,sullivan,87562036,7818083768,Peyton.SULLI6482@yahoo.com,4482 glenwood
990,emery,owen,17847246,3169450695,Emery.OWEN1644@gmail.com,1401 schubert
991,ryann,west,26841952,9075207157,Rya.WE8147@live.com,8662 27th
992,molly,mathews,52093907,7609004307,Mol.MATHE3827@gmail.com,5961 moorman
993,braylee,crosby,19686345,5044516790,Bra.CROS4652@mail2web.com,8216 london
994,saul,norris,12017238,9081131968,Saul.NORRIS4587@yahoo.com,5647 kreiter
995,paul,wheeler,46246147,6783756867,Paul.WHEELER2127@yahoo.com,9507 mccook
996,lennon,fry,21898174,5862809712,Lenno.F5327@live.com,1183 lansing
997,roy,miranda,21241687,3409735236,Roy.MIR5840@hushmail.com,1884 kennedy diversey av
998,angel,watson,34584372,3121474497,Ang.WATS4293@yahoo.com,5333 hollett
999,chaim,humphrey,92063295,4803356798,Chaim.HUMP3057@gmail.com,9486 lansing
1000,gauge,jackson,07549423,3851987053,Gauge.JACKSO1016@yahoo.com,7145 landers
